size,material,print,finish,cut,quantity,price,price_num,error
297x420,самоклеючий папір з надсічками UPM Raflatac,без друку,без оздоблення,порізка,1,37 ₴,37,
297x420,самоклеючий папір з надсічками UPM Raflatac,без друку,без оздоблення,порізка,100,1066 ₴,1066,
297x420,самоклеючий папір з надсічками UPM Raflatac,без друку,без оздоблення,плоттер,100,No price,,
297x420,самоклеючий папір з надсічками UPM Raflatac,4+0,без оздоблення,порізка,1,60 ₴,60,
297x420,самоклеючий папір з надсічками UPM Raflatac,без друку,без оздоблення,плоттер,1,No price,,
297x420,самоклеючий папір з надсічками UPM Raflatac,4+0,без оздоблення,плоттер,1,No price,,
297x420,самоклеючий папір з надсічками UPM Raflatac,4+0,без оздоблення,порізка,100,2001 ₴,2001,
297x420,самоклеючий папір з надсічками UPM Raflatac,4+0,без оздоблення,плоттер,100,No price,,
297x420,самоклеючий папір з надсічками UPM Raflatac,1+0,без оздоблення,порізка,1,39 ₴,39,
297x420,самоклеючий папір з надсічками UPM Raflatac,1+0,без оздоблення,плоттер,100,No price,,
297x420,самоклеючий папір з надсічками UPM Raflatac,1+0,без оздоблення,плоттер,1,No price,,
297x420,самоклеючий папір з надсічками UPM Raflatac,1+0,без оздоблення,порізка,100,1188 ₴,1188,
210x297,самоклеючий папір з надсічками UPM Raflatac,без друку,без оздоблення,порізка,1,37 ₴,37,
210x297,самоклеючий папір з надсічками UPM Raflatac,без друку,без оздоблення,плоттер,100,1219 ₴,1219,
210x297,самоклеючий папір з надсічками UPM Raflatac,без друку,без оздоблення,порізка,100,546 ₴,546,
210x297,самоклеючий папір з надсічками UPM Raflatac,4+0,без оздоблення,плоттер,1,51 ₴,51,
210x297,самоклеючий папір з надсічками UPM Raflatac,без друку,без оздоблення,плоттер,1,28 ₴,28,
210x297,самоклеючий папір з надсічками UPM Raflatac,1+0,без оздоблення,порізка,100,624 ₴,624,
210x297,самоклеючий папір з надсічками UPM Raflatac,4+0,без оздоблення,порізка,1,60 ₴,60,
210x297,самоклеючий папір з надсічками UPM Raflatac,4+0,без оздоблення,плоттер,100,2153 ₴,2153,
210x297,самоклеючий папір з надсічками UPM Raflatac,4+0,без оздоблення,порізка,100,1063 ₴,1063,
210x297,самоклеючий папір з надсічками UPM Raflatac,1+0,без оздоблення,плоттер,1,30 ₴,30,
210x297,самоклеючий папір з надсічками UPM Raflatac,1+0,без оздоблення,порізка,1,39 ₴,39,
148x210,самоклеючий папір з надсічками UPM Raflatac,без друку,без оздоблення,порізка,1,37 ₴,37,
210x297,самоклеючий папір з надсічками UPM Raflatac,1+0,без оздоблення,плоттер,100,1341 ₴,1341,
148x210,самоклеючий папір з надсічками UPM Raflatac,без друку,без оздоблення,плоттер,100,650 ₴,650,
148x210,самоклеючий папір з надсічками UPM Raflatac,без друку,без оздоблення,порізка,100,286 ₴,286,
148x210,самоклеючий папір з надсічками UPM Raflatac,4+0,без оздоблення,порізка,1,60 ₴,60,
148x210,самоклеючий папір з надсічками UPM Raflatac,4+0,без оздоблення,плоттер,1,51 ₴,51,
148x210,самоклеючий папір з надсічками UPM Raflatac,без друку,без оздоблення,плоттер,1,28 ₴,28,
148x210,самоклеючий папір з надсічками UPM Raflatac,4+0,без оздоблення,плоттер,100,1167 ₴,1167,
148x210,самоклеючий папір з надсічками UPM Raflatac,4+0,без оздоблення,порізка,100,575 ₴,575,
148x210,самоклеючий папір з надсічками UPM Raflatac,1+0,без оздоблення,порізка,1,39 ₴,39,
148x210,самоклеючий папір з надсічками UPM Raflatac,1+0,без оздоблення,порізка,100,340 ₴,340,
148x210,самоклеючий папір з надсічками UPM Raflatac,1+0,без оздоблення,плоттер,100,728 ₴,728,
148x210,самоклеючий папір з надсічками UPM Raflatac,1+0,без оздоблення,плоттер,1,30 ₴,30,
105x148,самоклеючий папір з надсічками UPM Raflatac,без друку,без оздоблення,порізка,100,189 ₴,189,
105x148,самоклеючий папір з надсічками UPM Raflatac,4+0,без оздоблення,порізка,1,87 ₴,87,
105x148,самоклеючий папір з надсічками UPM Raflatac,4+0,без оздоблення,плоттер,100,646 ₴,646,
105x148,самоклеючий папір з надсічками UPM Raflatac,1+0,без оздоблення,плоттер,1,31 ₴,31,
105x148,самоклеючий папір з надсічками UPM Raflatac,без друку,без оздоблення,порізка,1,64 ₴,64,
105x148,самоклеючий папір з надсічками UPM Raflatac,без друку,без оздоблення,плоттер,1,29 ₴,29,
105x148,самоклеючий папір з надсічками UPM Raflatac,без друку,без оздоблення,плоттер,100,356 ₴,356,
99x210,самоклеючий папір з надсічками UPM Raflatac,без друку,без оздоблення,порізка,100,216 ₴,216,
99x210,самоклеючий папір з надсічками UPM Raflatac,4+0,без оздоблення,порізка,1,73 ₴,73,
105x148,самоклеючий папір з надсічками UPM Raflatac,4+0,без оздоблення,плоттер,1,53 ₴,53,
105x148,самоклеючий папір з надсічками UPM Raflatac,4+0,без оздоблення,порізка,100,364 ₴,364,
99x210,самоклеючий папір з надсічками UPM Raflatac,4+0,без оздоблення,плоттер,100,663 ₴,663,
99x210,самоклеючий папір з надсічками UPM Raflatac,1+0,без оздоблення,плоттер,1,31 ₴,31,
105x148,самоклеючий папір з надсічками UPM Raflatac,1+0,без оздоблення,порізка,1,66 ₴,66,
105x148,самоклеючий папір з надсічками UPM Raflatac,1+0,без оздоблення,плоттер,100,410 ₴,410,
105x148,самоклеючий папір з надсічками UPM Raflatac,1+0,без оздоблення,порізка,100,217 ₴,217,
99x210,самоклеючий папір з надсічками UPM Raflatac,без друку,без оздоблення,порізка,1,50 ₴,50,
100x210,самоклеючий папір з надсічками UPM Raflatac,без друку,без оздоблення,порізка,100,216 ₴,216,
99x210,самоклеючий папір з надсічками UPM Raflatac,без друку,без оздоблення,плоттер,100,374 ₴,374,
99x210,самоклеючий папір з надсічками UPM Raflatac,4+0,без оздоблення,плоттер,1,53 ₴,53,
99x210,самоклеючий папір з надсічками UPM Raflatac,1+0,без оздоблення,порізка,100,253 ₴,253,
100x210,самоклеючий папір з надсічками UPM Raflatac,4+0,без оздоблення,порізка,1,73 ₴,73,
99x210,самоклеючий папір з надсічками UPM Raflatac,без друку,без оздоблення,плоттер,1,29 ₴,29,
100x210,самоклеючий папір з надсічками UPM Raflatac,4+0,без оздоблення,плоттер,100,663 ₴,663,
100x210,самоклеючий папір з надсічками UPM Raflatac,без друку,без оздоблення,порізка,1,50 ₴,50,
99x210,самоклеючий папір з надсічками UPM Raflatac,4+0,без оздоблення,порізка,100,430 ₴,430,
100x210,самоклеючий папір з надсічками UPM Raflatac,1+0,без оздоблення,плоттер,1,31 ₴,31,
100x210,самоклеючий папір з надсічками UPM Raflatac,без друку,без оздоблення,плоттер,100,374 ₴,374,
100x210,самоклеючий папір з надсічками UPM Raflatac,4+0,без оздоблення,плоттер,1,53 ₴,53,
99x210,самоклеючий папір з надсічками UPM Raflatac,1+0,без оздоблення,порізка,1,52 ₴,52,
99x210,самоклеючий папір з надсічками UPM Raflatac,1+0,без оздоблення,плоттер,100,428 ₴,428,
90x50,самоклеючий папір з надсічками UPM Raflatac,без друку,без оздоблення,порізка,100,67 ₴,67,
90x50,самоклеючий папір з надсічками UPM Raflatac,4+0,без оздоблення,порізка,1,49 ₴,49,
100x210,самоклеючий папір з надсічками UPM Raflatac,1+0,без оздоблення,порізка,100,253 ₴,253,
90x50,самоклеючий папір з надсічками UPM Raflatac,4+0,без оздоблення,плоттер,100,213 ₴,213,
90x50,самоклеючий папір з надсічками UPM Raflatac,1+0,без оздоблення,плоттер,1,36 ₴,36,
90x50,самоклеючий папір з надсічками UPM Raflatac,без друку,без оздоблення,порізка,1,26 ₴,26,
90x50,самоклеючий папір з надсічками UPM Raflatac,без друку,без оздоблення,плоттер,100,115 ₴,115,
85x55,самоклеючий папір з надсічками UPM Raflatac,без друку,без оздоблення,порізка,100,67 ₴,67,
85x55,самоклеючий папір з надсічками UPM Raflatac,4+0,без оздоблення,порізка,1,49 ₴,49,
100x210,самоклеючий папір з надсічками UPM Raflatac,без друку,без оздоблення,плоттер,1,29 ₴,29,
90x50,самоклеючий папір з надсічками UPM Raflatac,4+0,без оздоблення,плоттер,1,58 ₴,58,
85x55,самоклеючий папір з надсічками UPM Raflatac,4+0,без оздоблення,плоттер,100,213 ₴,213,
85x55,самоклеючий папір з надсічками UPM Raflatac,1+0,без оздоблення,плоттер,1,36 ₴,36,
90x50,самоклеючий папір з надсічками UPM Raflatac,1+0,без оздоблення,порізка,100,78 ₴,78,
100x210,самоклеючий папір з надсічками UPM Raflatac,4+0,без оздоблення,порізка,100,430 ₴,430,
100x210,самоклеючий папір з надсічками UPM Raflatac,1+0,без оздоблення,порізка,1,52 ₴,52,
85x55,самоклеючий папір з надсічками UPM Raflatac,без друку,без оздоблення,порізка,1,26 ₴,26,
85x55,самоклеючий папір з надсічками UPM Raflatac,без друку,без оздоблення,плоттер,100,115 ₴,115,
84x64,самоклеючий папір з надсічками UPM Raflatac,без друку,без оздоблення,порізка,100,124 ₴,124,
100x210,самоклеючий папір з надсічками UPM Raflatac,1+0,без оздоблення,плоттер,100,428 ₴,428,
85x55,самоклеючий папір з надсічками UPM Raflatac,4+0,без оздоблення,плоттер,1,58 ₴,58,
84x64,самоклеючий папір з надсічками UPM Raflatac,4+0,без оздоблення,порізка,1,106 ₴,106,
85x55,самоклеючий папір з надсічками UPM Raflatac,1+0,без оздоблення,порізка,100,78 ₴,78,
84x64,самоклеючий папір з надсічками UPM Raflatac,4+0,без оздоблення,плоттер,100,236 ₴,236,
84x64,самоклеючий папір з надсічками UPM Raflatac,1+0,без оздоблення,плоттер,1,36 ₴,36,
84x64,самоклеючий папір з надсічками UPM Raflatac,без друку,без оздоблення,порізка,1,83 ₴,83,
84x64,самоклеючий папір з надсічками UPM Raflatac,без друку,без оздоблення,плоттер,100,128 ₴,128,
90x50,самоклеючий папір з надсічками UPM Raflatac,без друку,без оздоблення,плоттер,1,34 ₴,34,
84x64,самоклеючий папір з надсічками UPM Raflatac,4+0,без оздоблення,плоттер,1,58 ₴,58,
100x70,самоклеючий папір з надсічками UPM Raflatac,без друку,без оздоблення,порізка,100,152 ₴,152,
100x70,самоклеючий папір з надсічками UPM Raflatac,4+0,без оздоблення,порізка,1,113 ₴,113,
90x50,самоклеючий папір з надсічками UPM Raflatac,4+0,без оздоблення,порізка,100,165 ₴,165,
100x70,самоклеючий папір з надсічками UPM Raflatac,4+0,без оздоблення,плоттер,100,268 ₴,268,
100x70,самоклеючий папір з надсічками UPM Raflatac,1+0,без оздоблення,плоттер,1,36 ₴,36,
84x64,самоклеючий папір з надсічками UPM Raflatac,1+0,без оздоблення,порізка,100,135 ₴,135,
90x50,самоклеючий папір з надсічками UPM Raflatac,1+0,без оздоблення,порізка,1,28 ₴,28,
90x50,самоклеючий папір з надсічками UPM Raflatac,1+0,без оздоблення,плоттер,100,126 ₴,126,
85x55,самоклеючий папір з надсічками UPM Raflatac,без друку,без оздоблення,плоттер,1,34 ₴,34,
100x70,самоклеючий папір з надсічками UPM Raflatac,без друку,без оздоблення,порізка,1,90 ₴,90,
85x55,самоклеючий папір з надсічками UPM Raflatac,4+0,без оздоблення,порізка,100,165 ₴,165,
200x200,самоклеючий папір з надсічками UPM Raflatac,без друку,без оздоблення,порізка,100,546 ₴,546,
85x55,самоклеючий папір з надсічками UPM Raflatac,1+0,без оздоблення,порізка,1,28 ₴,28,
100x70,самоклеючий папір з надсічками UPM Raflatac,без друку,без оздоблення,плоттер,100,150 ₴,150,
85x55,самоклеючий папір з надсічками UPM Raflatac,1+0,без оздоблення,плоттер,100,126 ₴,126,
100x70,самоклеючий папір з надсічками UPM Raflatac,4+0,без оздоблення,плоттер,1,58 ₴,58,
200x200,самоклеючий папір з надсічками UPM Raflatac,4+0,без оздоблення,порізка,1,60 ₴,60,
200x200,самоклеючий папір з надсічками UPM Raflatac,4+0,без оздоблення,плоттер,100,1152 ₴,1152,
84x64,самоклеючий папір з надсічками UPM Raflatac,без друку,без оздоблення,плоттер,1,34 ₴,34,
200x200,самоклеючий папір з надсічками UPM Raflatac,1+0,без оздоблення,плоттер,1,30 ₴,30,
100x70,самоклеючий папір з надсічками UPM Raflatac,1+0,без оздоблення,порізка,100,168 ₴,168,
84x64,самоклеючий папір з надсічками UPM Raflatac,4+0,без оздоблення,порізка,100,223 ₴,223,
84x64,самоклеючий папір з надсічками UPM Raflatac,1+0,без оздоблення,порізка,1,85 ₴,85,
84x64,самоклеючий папір з надсічками UPM Raflatac,1+0,без оздоблення,плоттер,100,141 ₴,141,
200x200,самоклеючий папір з надсічками UPM Raflatac,без друку,без оздоблення,порізка,1,37 ₴,37,
200x200,самоклеючий папір з надсічками UPM Raflatac,без друку,без оздоблення,плоттер,100,636 ₴,636,
100x70,самоклеючий папір з надсічками UPM Raflatac,без друку,без оздоблення,плоттер,1,34 ₴,34,
200x200,самоклеючий папір з надсічками UPM Raflatac,4+0,без оздоблення,плоттер,1,51 ₴,51,
100x70,самоклеючий папір з надсічками UPM Raflatac,4+0,без оздоблення,порізка,100,270 ₴,270,
210x210,самоклеючий папір з надсічками UPM Raflatac,без друку,без оздоблення,порізка,100,546 ₴,546,
100x70,самоклеючий папір з надсічками UPM Raflatac,1+0,без оздоблення,порізка,1,92 ₴,92,
100x70,самоклеючий папір з надсічками UPM Raflatac,1+0,без оздоблення,плоттер,100,165 ₴,165,
210x210,самоклеючий папір з надсічками UPM Raflatac,4+0,без оздоблення,порізка,1,60 ₴,60,
200x200,самоклеючий папір з надсічками UPM Raflatac,1+0,без оздоблення,порізка,100,624 ₴,624,
210x210,самоклеючий папір з надсічками UPM Raflatac,4+0,без оздоблення,плоттер,100,2095 ₴,2095,
210x210,самоклеючий папір з надсічками UPM Raflatac,1+0,без оздоблення,плоттер,1,28 ₴,28,
210x210,самоклеючий папір з надсічками UPM Raflatac,без друку,без оздоблення,порізка,1,37 ₴,37,
210x210,самоклеючий папір з надсічками UPM Raflatac,без друку,без оздоблення,плоттер,100,1160 ₴,1160,
200x200,самоклеючий папір з надсічками UPM Raflatac,без друку,без оздоблення,плоттер,1,28 ₴,28,
210x210,самоклеючий папір з надсічками UPM Raflatac,4+0,без оздоблення,плоттер,1,49 ₴,49,
210x210,самоклеючий папір з надсічками UPM Raflatac,1+0,без оздоблення,порізка,100,624 ₴,624,
200x200,самоклеючий папір з надсічками UPM Raflatac,4+0,без оздоблення,порізка,100,1063 ₴,1063,
200x200,самоклеючий папір з надсічками UPM Raflatac,1+0,без оздоблення,порізка,1,39 ₴,39,
200x200,самоклеючий папір з надсічками UPM Raflatac,1+0,без оздоблення,плоттер,100,714 ₴,714,
210x210,самоклеючий папір з надсічками UPM Raflatac,без друку,без оздоблення,плоттер,1,26 ₴,26,
210x210,самоклеючий папір з надсічками UPM Raflatac,4+0,без оздоблення,порізка,100,1063 ₴,1063,
210x210,самоклеючий папір з надсічками UPM Raflatac,1+0,без оздоблення,порізка,1,39 ₴,39,
210x210,самоклеючий папір з надсічками UPM Raflatac,1+0,без оздоблення,плоттер,100,1283 ₴,1283,
