size,material,print,finish,cut,quantity,price,price_num,timestamp,error
100x150,самоклеючий папір з надсічками,4+0,без оздоблення,порізка,1,87 ₴,87,2026-04-14T12:05:29.590323,
100x150,самоклеючий папір з надсічками,4+0,без оздоблення,порізка,3,87 ₴,87,2026-04-14T12:05:31.180840,
100x150,самоклеючий папір з надсічками,4+0,без оздоблення,порізка,5,87 ₴,87,2026-04-14T12:05:34.140068,
100x150,самоклеючий папір з надсічками,4+0,без оздоблення,без порізки,1,34 ₴,34,2026-04-14T12:05:35.113954,
100x150,самоклеючий папір з надсічками,4+0,без оздоблення,порізка,10,121 ₴,121,2026-04-14T12:05:36.139920,
100x150,самоклеючий папір з надсічками,4+0,ламінація глянцева,порізка,1,109 ₴,109,2026-04-14T12:05:38.804671,
100x150,самоклеючий папір з надсічками,4+0,без оздоблення,порізка,15,121 ₴,121,2026-04-14T12:05:38.199590,
100x150,самоклеючий папір з надсічками,4+0,без оздоблення,без порізки,3,34 ₴,34,2026-04-14T12:05:38.135443,
100x150,самоклеючий папір з надсічками,4+0,ламінація глянцева,порізка,3,109 ₴,109,2026-04-14T12:05:40.171542,
100x150,самоклеючий папір з надсічками,4+0,ламінація матова,порізка,1,109 ₴,109,2026-04-14T12:05:38.836942,
100x150,самоклеючий папір з надсічками,4+0,ламінація глянцева,порізка,5,109 ₴,109,2026-04-14T12:05:41.521737,
100x150,самоклеючий папір з надсічками,4+0,без оздоблення,порізка,20,155 ₴,155,2026-04-14T12:05:40.845395,
100x150,самоклеючий папір з надсічками,4+0,без оздоблення,без порізки,5,34 ₴,34,2026-04-14T12:05:41.285877,
100x150,самоклеючий папір з надсічками,4+0,ламінація матова,порізка,3,109 ₴,109,2026-04-14T12:05:41.550979,
100x150,самоклеючий папір з надсічками,4+0,ламінація глянцева,порізка,10,150 ₴,150,2026-04-14T12:05:42.889672,
100x150,самоклеючий папір з надсічками,4+0,ламінація матова,без порізки,1,56 ₴,56,2026-04-14T12:05:41.893587,
100x150,самоклеючий папір з надсічками,4+0,без оздоблення,порізка,25,184 ₴,184,2026-04-14T12:05:42.903419,
100x150,самоклеючий папір з надсічками,4+0,ламінація глянцева,порізка,15,150 ₴,150,2026-04-14T12:05:44.246591,
100x150,самоклеючий папір з надсічками,4+0,ламінація матова,без порізки,3,56 ₴,56,2026-04-14T12:05:44.274434,
100x150,самоклеючий папір з надсічками,4+0,без оздоблення,без порізки,10,68 ₴,68,2026-04-14T12:05:43.914226,
100x150,самоклеючий папір з надсічками,4+0,ламінація матова,порізка,5,109 ₴,109,2026-04-14T12:05:43.915249,
100x150,самоклеючий папір з надсічками,4+0,ламінація глянцева,порізка,20,192 ₴,192,2026-04-14T12:05:45.603952,
100x150,самоклеючий папір з надсічками,4+0,без оздоблення,порізка,50,244 ₴,244,2026-04-14T12:05:45.289600,
100x150,самоклеючий папір з надсічками,4+0,ламінація глянцева,порізка,25,228 ₴,228,2026-04-14T12:05:46.959705,
100x150,самоклеючий папір з надсічками,4+0,без оздоблення,без порізки,15,68 ₴,68,2026-04-14T12:05:46.643001,
100x150,самоклеючий папір з надсічками,4+0,ламінація матова,без порізки,5,56 ₴,56,2026-04-14T12:05:46.642110,
100x150,самоклеючий папір з надсічками,4+0,ламінація матова,порізка,10,151 ₴,151,2026-04-14T12:05:46.643661,
100x150,самоклеючий папір з надсічками,4+0,ламінація глянцева,порізка,50,312 ₴,312,2026-04-14T12:05:48.321938,
100x150,самоклеючий папір з надсічками,4+0,без оздоблення,порізка,100,364 ₴,364,2026-04-14T12:05:47.987778,
100x150,самоклеючий папір з надсічками,4+0,ламінація глянцева,порізка,100,480 ₴,480,2026-04-14T12:05:49.681159,
100x150,самоклеючий папір з надсічками,4+0,без оздоблення,без порізки,20,102 ₴,102,2026-04-14T12:05:49.348320,
100x150,самоклеючий папір з надсічками,4+0,ламінація матова,без порізки,10,98 ₴,98,2026-04-14T12:05:49.349341,
100x150,самоклеючий папір з надсічками,4+0,ламінація матова,порізка,15,151 ₴,151,2026-04-14T12:05:49.350305,
100x150,самоклеючий папір з надсічками,4+0,ламінація глянцева,порізка,150,646 ₴,646,2026-04-14T12:05:51.041753,
100x150,самоклеючий папір з надсічками,4+0,без оздоблення,порізка,150,484 ₴,484,2026-04-14T12:05:50.709924,
100x150,самоклеючий папір з надсічками,4+0,ламінація глянцева,порізка,200,812 ₴,812,2026-04-14T12:05:52.397454,
100x150,самоклеючий папір з надсічками,4+0,ламінація матова,без порізки,15,98 ₴,98,2026-04-14T12:05:52.066884,
100x150,самоклеючий папір з надсічками,4+0,ламінація матова,порізка,20,193 ₴,193,2026-04-14T12:05:52.067848,
100x150,самоклеючий папір з надсічками,4+0,без оздоблення,без порізки,25,131 ₴,131,2026-04-14T12:05:52.065782,
100x150,самоклеючий папір з надсічками,4+0,ламінація глянцева,порізка,250,1005 ₴,1005,2026-04-14T12:05:53.755517,
100x150,самоклеючий папір з надсічками,4+0,без оздоблення,порізка,200,602 ₴,602,2026-04-14T12:05:53.437829,
100x150,самоклеючий папір з надсічками,4+0,ламінація глянцева,порізка,300,1169 ₴,1169,2026-04-14T12:05:55.114478,
100x150,самоклеючий папір з надсічками,4+0,без оздоблення,без порізки,50,191 ₴,191,2026-04-14T12:05:54.785856,
100x150,самоклеючий папір з надсічками,4+0,ламінація матова,без порізки,20,140 ₴,140,2026-04-14T12:05:54.784028,
100x150,самоклеючий папір з надсічками,4+0,ламінація матова,порізка,25,230 ₴,230,2026-04-14T12:05:54.784984,
100x150,самоклеючий папір з надсічками,4+0,ламінація глянцева,порізка,500,1847 ₴,1847,2026-04-14T12:05:56.473684,
100x150,самоклеючий папір з надсічками,4+0,без оздоблення,порізка,250,740 ₴,740,2026-04-14T12:05:56.139362,
100x150,самоклеючий папір з надсічками,4+0,ламінація глянцева,порізка,1000,3487 ₴,3487,2026-04-14T12:05:57.821711,
100x150,самоклеючий папір з надсічками,4+0,без оздоблення,без порізки,100,311 ₴,311,2026-04-14T12:05:57.502917,
100x150,самоклеючий папір з надсічками,4+0,ламінація матова,порізка,50,316 ₴,316,2026-04-14T12:05:57.504689,
100x150,самоклеючий папір з надсічками,4+0,ламінація матова,без порізки,25,177 ₴,177,2026-04-14T12:05:57.503869,
100x150,самоклеючий папір з надсічками,4+0,ламінація глянцева,порізка,1200,4134 ₴,4134,2026-04-14T12:05:59.181761,
100x150,самоклеючий папір з надсічками,4+0,без оздоблення,порізка,300,857 ₴,857,2026-04-14T12:05:58.865309,
100x150,самоклеючий папір з надсічками,4+0,ламінація глянцева,порізка,1500,5101 ₴,5101,2026-04-14T12:06:00.542062,
100x150,самоклеючий папір з надсічками,4+0,ламінація матова,без порізки,50,263 ₴,263,2026-04-14T12:06:00.211737,
100x150,самоклеючий папір з надсічками,4+0,ламінація матова,порізка,100,486 ₴,486,2026-04-14T12:06:00.210800,
100x150,самоклеючий папір з надсічками,4+0,без оздоблення,без порізки,150,431 ₴,431,2026-04-14T12:06:00.209587,
100x150,самоклеючий папір з надсічками,4+0,ламінація глянцева,порізка,1700,5718 ₴,5718,2026-04-14T12:06:01.901498,
100x150,самоклеючий папір з надсічками,4+0,без оздоблення,порізка,500,1338 ₴,1338,2026-04-14T12:06:01.572346,
100x150,самоклеючий папір з надсічками,4+0,ламінація глянцева,порізка,2000,6601 ₴,6601,2026-04-14T12:06:03.262157,
100x150,самоклеючий папір з надсічками,4+0,без оздоблення,без порізки,200,549 ₴,549,2026-04-14T12:06:02.934275,
100x150,самоклеючий папір з надсічками,4+0,ламінація матова,порізка,150,656 ₴,656,2026-04-14T12:06:02.933297,
100x150,самоклеючий папір з надсічками,4+0,ламінація матова,без порізки,100,433 ₴,433,2026-04-14T12:06:02.931973,
100x150,самоклеючий папір з надсічками,4+0,ламінація глянцева,порізка,2500,8062 ₴,8062,2026-04-14T12:06:04.622558,
100x150,самоклеючий папір з надсічками,4+0,без оздоблення,порізка,1000,2491 ₴,2491,2026-04-14T12:06:04.306077,
100x150,самоклеючий папір з надсічками,4+0,ламінація глянцева,порізка,5000,15795 ₴,15795,2026-04-14T12:06:05.979336,
100x150,самоклеючий папір з надсічками,4+0,ламінація матова,порізка,200,824 ₴,824,2026-04-14T12:06:05.651172,
100x150,самоклеючий папір з надсічками,4+0,без оздоблення,без порізки,250,687 ₴,687,2026-04-14T12:06:05.650290,
100x150,самоклеючий папір з надсічками,4+0,ламінація матова,без порізки,150,603 ₴,603,2026-04-14T12:06:05.651950,
100x150,самоклеючий папір з надсічками,4+0,ламінація глянцева,порізка,10000,31526 ₴,31526,2026-04-14T12:06:07.342278,
100x150,самоклеючий папір з надсічками,4+0,без оздоблення,порізка,1200,2942 ₴,2942,2026-04-14T12:06:07.010210,
100x150,самоклеючий папір з надсічками,4+0,ламінація глянцева,порізка,25000,78720 ₴,78720,2026-04-14T12:06:08.701396,
100x150,самоклеючий папір з надсічками,4+0,ламінація матова,порізка,250,1020 ₴,1020,2026-04-14T12:06:08.366896,
100x150,самоклеючий папір з надсічками,4+0,ламінація матова,без порізки,200,771 ₴,771,2026-04-14T12:06:08.368507,
100x150,самоклеючий папір з надсічками,4+0,без оздоблення,без порізки,300,804 ₴,804,2026-04-14T12:06:08.367671,
100x150,самоклеючий папір з надсічками,4+0,ламінація глянцева,порізка,50000,157376 ₴,157376,2026-04-14T12:06:10.058923,
100x150,самоклеючий папір з надсічками,4+0,без оздоблення,порізка,1500,3611 ₴,3611,2026-04-14T12:06:09.727257,
100x150,самоклеючий папір з надсічками,4+0,ламінація матова,плоттер,1,74 ₴,74,2026-04-14T12:06:12.111211,
100x150,самоклеючий папір з надсічками,4+0,ламінація матова,порізка,300,1188 ₴,1188,2026-04-14T12:06:11.100921,
100x150,самоклеючий папір з надсічками,4+0,ламінація матова,без порізки,250,967 ₴,967,2026-04-14T12:06:11.101902,
100x150,самоклеючий папір з надсічками,4+0,без оздоблення,без порізки,500,1285 ₴,1285,2026-04-14T12:06:11.102466,
100x150,самоклеючий папір з надсічками,4+0,ламінація матова,плоттер,3,74 ₴,74,2026-04-14T12:06:13.460683,
100x150,самоклеючий папір з надсічками,4+0,без оздоблення,порізка,1700,4031 ₴,4031,2026-04-14T12:06:12.444983,
100x150,самоклеючий папір з надсічками,4+0,ламінація матова,плоттер,5,120 ₴,120,2026-04-14T12:06:14.819864,
100x150,самоклеючий папір з надсічками,4+0,ламінація матова,порізка,500,1877 ₴,1877,2026-04-14T12:06:13.823333,
100x150,самоклеючий папір з надсічками,4+0,ламінація матова,без порізки,300,1135 ₴,1135,2026-04-14T12:06:13.824174,
100x150,самоклеючий папір з надсічками,4+0,без оздоблення,без порізки,1000,2425 ₴,2425,2026-04-14T12:06:13.824905,
100x150,самоклеючий папір з надсічками,4+0,ламінація матова,плоттер,10,166 ₴,166,2026-04-14T12:06:16.177188,
100x150,самоклеючий папір з надсічками,4+0,без оздоблення,порізка,2000,4624 ₴,4624,2026-04-14T12:06:15.495393,
100x150,самоклеючий папір з надсічками,4+0,ламінація матова,плоттер,15,208 ₴,208,2026-04-14T12:06:17.537081,
100x150,самоклеючий папір з надсічками,4+0,ламінація матова,порізка,1000,3547 ₴,3547,2026-04-14T12:06:16.858266,
100x150,самоклеючий папір з надсічками,4+0,без оздоблення,без порізки,1200,2863 ₴,2863,2026-04-14T12:06:16.859964,
100x150,самоклеючий папір з надсічками,4+0,ламінація матова,без порізки,500,1824 ₴,1824,2026-04-14T12:06:16.859109,
100x150,самоклеючий папір з надсічками,4+0,без оздоблення,порізка,2500,5589 ₴,5589,2026-04-14T12:06:17.561969,
100x150,самоклеючий папір з надсічками,4+0,ламінація матова,плоттер,20,240 ₴,240,2026-04-14T12:06:18.895665,
100x150,самоклеючий папір з надсічками,4+0,ламінація матова,порізка,1200,4206 ₴,4206,2026-04-14T12:06:18.923742,
100x150,самоклеючий папір з надсічками,4+0,ламінація матова,без порізки,1000,3481 ₴,3481,2026-04-14T12:06:18.925633,
100x150,самоклеючий папір з надсічками,4+0,без оздоблення,без порізки,1500,3506 ₴,3506,2026-04-14T12:06:18.924775,
100x150,самоклеючий папір з надсічками,4+0,ламінація матова,плоттер,25,306 ₴,306,2026-04-14T12:06:20.254271,
100x150,самоклеючий папір з надсічками,4+0,без оздоблення,порізка,5000,10871 ₴,10871,2026-04-14T12:06:19.924107,
100x150,самоклеючий папір з надсічками,4+0,ламінація матова,плоттер,50,501 ₴,501,2026-04-14T12:06:21.615392,
100x150,самоклеючий папір з надсічками,4+0,без оздоблення,без порізки,1700,3913 ₴,3913,2026-04-14T12:06:21.300350,
100x150,самоклеючий папір з надсічками,4+0,ламінація матова,без порізки,1200,4127 ₴,4127,2026-04-14T12:06:21.299381,
100x150,самоклеючий папір з надсічками,4+0,ламінація матова,порізка,1500,5192 ₴,5192,2026-04-14T12:06:21.298380,
100x150,самоклеючий папір з надсічками,4+0,ламінація матова,плоттер,100,889 ₴,889,2026-04-14T12:06:22.977619,
100x150,самоклеючий папір з надсічками,4+0,без оздоблення,порізка,10000,21692 ₴,21692,2026-04-14T12:06:22.646384,
100x150,самоклеючий папір з надсічками,4+0,ламінація матова,плоттер,150,1307 ₴,1307,2026-04-14T12:06:24.338132,
100x150,самоклеючий папір з надсічками,4+0,ламінація матова,порізка,1700,5820 ₴,5820,2026-04-14T12:06:23.995483,
100x150,самоклеючий папір з надсічками,4+0,ламінація матова,без порізки,1500,5087 ₴,5087,2026-04-14T12:06:23.994656,
100x150,самоклеючий папір з надсічками,4+0,без оздоблення,без порізки,2000,4493 ₴,4493,2026-04-14T12:06:23.989183,
100x150,самоклеючий папір з надсічками,4+0,ламінація матова,плоттер,200,1690 ₴,1690,2026-04-14T12:06:25.693655,
100x150,самоклеючий папір з надсічками,4+0,без оздоблення,порізка,25000,54155 ₴,54155,2026-04-14T12:06:25.363891,
100x150,самоклеючий папір з надсічками,4+0,ламінація матова,плоттер,250,2101 ₴,2101,2026-04-14T12:06:27.054384,
100x150,самоклеючий папір з надсічками,4+0,ламінація матова,порізка,2000,6722 ₴,6722,2026-04-14T12:06:26.705900,
100x150,самоклеючий папір з надсічками,4+0,без оздоблення,без порізки,2500,5418 ₴,5418,2026-04-14T12:06:26.712221,
100x150,самоклеючий папір з надсічками,4+0,ламінація матова,без порізки,1700,5702 ₴,5702,2026-04-14T12:06:26.711298,
100x150,самоклеючий папір з надсічками,4+0,ламінація матова,плоттер,300,2478 ₴,2478,2026-04-14T12:06:28.416465,
100x150,самоклеючий папір з надсічками,4+0,без оздоблення,порізка,50000,108259 ₴,108259,2026-04-14T12:06:28.086065,
100x150,самоклеючий папір з надсічками,4+0,ламінація матова,плоттер,500,4018 ₴,4018,2026-04-14T12:06:29.759363,
100x150,самоклеючий папір з надсічками,4+0,без оздоблення,без порізки,5000,10542 ₴,10542,2026-04-14T12:06:29.444375,
100x150,самоклеючий папір з надсічками,4+0,ламінація матова,порізка,2500,8213 ₴,8213,2026-04-14T12:06:29.442928,
100x150,самоклеючий папір з надсічками,4+0,ламінація матова,без порізки,2000,6591 ₴,6591,2026-04-14T12:06:29.445254,
100x150,самоклеючий папір з надсічками,4+0,ламінація матова,плоттер,1000,7651 ₴,7651,2026-04-14T12:06:31.115697,
100x150,самоклеючий папір з надсічками,4+0,ламінація матова,плоттер,1200,9019 ₴,9019,2026-04-14T12:06:32.473045,
100x150,самоклеючий папір з надсічками,4+0,ламінація матова,порізка,5000,16096 ₴,16096,2026-04-14T12:06:32.156946,
100x150,самоклеючий папір з надсічками,4+0,без оздоблення,без порізки,10000,21035 ₴,21035,2026-04-14T12:06:32.156023,
100x150,самоклеючий папір з надсічками,4+0,ламінація матова,без порізки,2500,8042 ₴,8042,2026-04-14T12:06:32.157798,
100x150,самоклеючий папір з надсічками,4+0,ламінація матова,плоттер,1500,11070 ₴,11070,2026-04-14T12:06:33.818208,
100x150,самоклеючий папір з надсічками,4+0,ламінація матова,плоттер,1700,12535 ₴,12535,2026-04-14T12:06:35.183132,
100x150,самоклеючий папір з надсічками,4+0,ламінація глянцева,без порізки,1,56 ₴,56,2026-04-14T12:06:34.193026,
100x150,самоклеючий папір з надсічками,4+0,без оздоблення,без порізки,25000,52512 ₴,52512,2026-04-14T12:06:35.144581,
100x150,самоклеючий папір з надсічками,4+0,ламінація матова,без порізки,5000,15767 ₴,15767,2026-04-14T12:06:35.148999,
100x150,самоклеючий папір з надсічками,4+0,ламінація матова,плоттер,2000,14734 ₴,14734,2026-04-14T12:06:36.545126,
100x150,самоклеючий папір з надсічками,4+0,ламінація матова,порізка,10000,32128 ₴,32128,2026-04-14T12:06:35.143936,
100x150,самоклеючий папір з надсічками,4+0,ламінація глянцева,без порізки,3,56 ₴,56,2026-04-14T12:06:36.569328,
100x150,самоклеючий папір з надсічками,4+0,ламінація матова,плоттер,2500,18398 ₴,18398,2026-04-14T12:06:37.895912,
100x150,самоклеючий папір з надсічками,4+0,без оздоблення,без порізки,50000,104974 ₴,104974,2026-04-14T12:06:37.581416,
100x150,самоклеючий папір з надсічками,4+0,ламінація матова,без порізки,10000,31471 ₴,31471,2026-04-14T12:06:37.582365,
100x150,самоклеючий папір з надсічками,4+0,ламінація матова,плоттер,5000,36719 ₴,36719,2026-04-14T12:06:39.257929,
100x150,самоклеючий папір з надсічками,4+0,ламінація матова,порізка,25000,80227 ₴,80227,2026-04-14T12:06:38.322165,
100x150,самоклеючий папір з надсічками,4+0,ламінація глянцева,без порізки,5,56 ₴,56,2026-04-14T12:06:38.922720,
100x150,самоклеючий папір з надсічками,4+0,ламінація матова,плоттер,10000,73362 ₴,73362,2026-04-14T12:06:40.612885,
100x150,самоклеючий папір з надсічками,4+0,ламінація матова,без порізки,25000,78584 ₴,78584,2026-04-14T12:06:40.268800,
100x150,самоклеючий папір з надсічками,4+0,ламінація матова,плоттер,25000,183290 ₴,183290,2026-04-14T12:06:41.965607,
100x150,самоклеючий папір з надсічками,4+0,ламінація матова,порізка,50000,160389 ₴,160389,2026-04-14T12:06:41.337850,
100x150,самоклеючий папір з надсічками,4+0,ламінація глянцева,без порізки,10,97 ₴,97,2026-04-14T12:06:41.651522,
100x150,самоклеючий папір з надсічками,4+0,ламінація матова,плоттер,50000,366504 ₴,366504,2026-04-14T12:06:43.326741,
100x150,самоклеючий папір з надсічками,4+0,ламінація матова,без порізки,50000,157104 ₴,157104,2026-04-14T12:06:42.994063,
100x150,самоклеючий папір з надсічками,4+0,soft touch,порізка,1,115 ₴,115,2026-04-14T12:06:43.689032,
100x150,самоклеючий папір з надсічками,4+0,ламінація глянцева,без порізки,15,97 ₴,97,2026-04-14T12:06:44.340033,
100x150,самоклеючий папір з надсічками,1+0,ламінація матова,порізка,1,88 ₴,88,2026-04-14T12:06:45.757525,
100x150,самоклеючий папір з надсічками,1+0,ламінація матова,порізка,3,88 ₴,88,2026-04-14T12:06:47.113122,
100x150,самоклеючий папір з надсічками,4+0,soft touch,без порізки,1,62 ₴,62,2026-04-14T12:06:45.699245,
100x150,самоклеючий папір з надсічками,4+0,soft touch,порізка,3,115 ₴,115,2026-04-14T12:06:46.098748,
100x150,самоклеючий папір з надсічками,4+0,ламінація глянцева,без порізки,20,139 ₴,139,2026-04-14T12:06:47.082947,
100x150,самоклеючий папір з надсічками,1+0,ламінація матова,порізка,5,88 ₴,88,2026-04-14T12:06:48.467678,
100x150,самоклеючий папір з надсічками,4+0,без оздоблення,плоттер,1,51 ₴,51,2026-04-14T12:06:47.735924,
100x150,самоклеючий папір з надсічками,4+0,soft touch,без порізки,3,62 ₴,62,2026-04-14T12:06:48.495913,
100x150,самоклеючий папір з надсічками,1+0,ламінація матова,порізка,10,109 ₴,109,2026-04-14T12:06:49.836161,
100x150,самоклеючий папір з надсічками,4+0,soft touch,порізка,5,115 ₴,115,2026-04-14T12:06:49.159609,
100x150,самоклеючий папір з надсічками,4+0,ламінація глянцева,без порізки,25,175 ₴,175,2026-04-14T12:06:49.506070,
100x150,самоклеючий папір з надсічками,4+0,без оздоблення,плоттер,3,51 ₴,51,2026-04-14T12:06:49.863895,
100x150,самоклеючий папір з надсічками,1+0,ламінація матова,порізка,15,109 ₴,109,2026-04-14T12:06:51.192398,
100x150,самоклеючий папір з надсічками,4+0,soft touch,порізка,10,163 ₴,163,2026-04-14T12:06:51.221203,
100x150,самоклеючий папір з надсічками,4+0,soft touch,без порізки,5,62 ₴,62,2026-04-14T12:06:50.845150,
100x150,самоклеючий папір з надсічками,1+0,ламінація матова,порізка,20,130 ₴,130,2026-04-14T12:06:52.552213,
100x150,самоклеючий папір з надсічками,4+0,ламінація глянцева,без порізки,50,259 ₴,259,2026-04-14T12:06:52.237212,
100x150,самоклеючий папір з надсічками,4+0,без оздоблення,плоттер,5,88 ₴,88,2026-04-14T12:06:52.238133,
100x150,самоклеючий папір з надсічками,1+0,ламінація матова,порізка,25,151 ₴,151,2026-04-14T12:06:53.913165,
100x150,самоклеючий папір з надсічками,4+0,soft touch,порізка,15,163 ₴,163,2026-04-14T12:06:53.580506,
100x150,самоклеючий папір з надсічками,4+0,soft touch,без порізки,10,110 ₴,110,2026-04-14T12:06:53.581367,
100x150,самоклеючий папір з надсічками,1+0,ламінація матова,порізка,50,214 ₴,214,2026-04-14T12:06:55.269274,
100x150,самоклеючий папір з надсічками,4+0,ламінація глянцева,без порізки,100,427 ₴,427,2026-04-14T12:06:54.922049,
100x150,самоклеючий папір з надсічками,4+0,без оздоблення,плоттер,10,125 ₴,125,2026-04-14T12:06:54.937429,
100x150,самоклеючий папір з надсічками,1+0,ламінація матова,порізка,100,339 ₴,339,2026-04-14T12:06:56.625699,
100x150,самоклеючий папір з надсічками,4+0,soft touch,без порізки,15,110 ₴,110,2026-04-14T12:06:56.310858,
100x150,самоклеючий папір з надсічками,4+0,soft touch,порізка,20,211 ₴,211,2026-04-14T12:06:56.309851,
100x150,самоклеючий папір з надсічками,1+0,ламінація матова,порізка,150,464 ₴,464,2026-04-14T12:06:57.985633,
100x150,самоклеючий папір з надсічками,4+0,ламінація глянцева,без порізки,150,593 ₴,593,2026-04-14T12:06:57.652368,
100x150,самоклеючий папір з надсічками,4+0,без оздоблення,плоттер,15,157 ₴,157,2026-04-14T12:06:57.653345,
100x150,самоклеючий папір з надсічками,1+0,ламінація матова,порізка,200,589 ₴,589,2026-04-14T12:06:59.343997,
100x150,самоклеючий папір з надсічками,4+0,soft touch,порізка,25,254 ₴,254,2026-04-14T12:06:58.996822,
100x150,самоклеючий папір з надсічками,4+0,soft touch,без порізки,20,158 ₴,158,2026-04-14T12:06:58.995990,
100x150,самоклеючий папір з надсічками,1+0,ламінація матова,порізка,250,727 ₴,727,2026-04-14T12:07:00.704393,
100x150,самоклеючий папір з надсічками,4+0,без оздоблення,плоттер,20,180 ₴,180,2026-04-14T12:07:00.359585,
100x150,самоклеючий папір з надсічками,4+0,ламінація глянцева,без порізки,200,759 ₴,759,2026-04-14T12:07:00.357205,
100x150,самоклеючий папір з надсічками,1+0,ламінація матова,порізка,300,845 ₴,845,2026-04-14T12:07:02.064239,
100x150,самоклеючий папір з надсічками,4+0,soft touch,без порізки,25,201 ₴,201,2026-04-14T12:07:01.733421,
100x150,самоклеючий папір з надсічками,4+0,soft touch,порізка,50,357 ₴,357,2026-04-14T12:07:01.732340,
100x150,самоклеючий папір з надсічками,1+0,ламінація матова,порізка,500,1337 ₴,1337,2026-04-14T12:07:03.428049,
100x150,самоклеючий папір з надсічками,4+0,ламінація глянцева,без порізки,250,952 ₴,952,2026-04-14T12:07:03.096688,
100x150,самоклеючий папір з надсічками,4+0,без оздоблення,плоттер,25,227 ₴,227,2026-04-14T12:07:03.095709,
100x150,самоклеючий папір з надсічками,1+0,ламінація матова,порізка,1000,2564 ₴,2564,2026-04-14T12:07:04.789128,
100x150,самоклеючий папір з надсічками,4+0,soft touch,порізка,100,563 ₴,563,2026-04-14T12:07:04.444381,
100x150,самоклеючий папір з надсічками,4+0,soft touch,без порізки,50,304 ₴,304,2026-04-14T12:07:04.443766,
100x150,самоклеючий папір з надсічками,1+0,ламінація матова,порізка,1200,3065 ₴,3065,2026-04-14T12:07:06.151500,
100x150,самоклеючий папір з надсічками,4+0,без оздоблення,плоттер,50,367 ₴,367,2026-04-14T12:07:05.819083,
100x150,самоклеючий папір з надсічками,4+0,ламінація глянцева,без порізки,300,1116 ₴,1116,2026-04-14T12:07:05.818174,
100x150,самоклеючий папір з надсічками,1+0,ламінація матова,порізка,1500,3829 ₴,3829,2026-04-14T12:07:07.513116,
100x150,самоклеючий папір з надсічками,4+0,soft touch,порізка,150,767 ₴,767,2026-04-14T12:07:07.180182,
100x150,самоклеючий папір з надсічками,4+0,soft touch,без порізки,100,510 ₴,510,2026-04-14T12:07:07.181145,
100x150,самоклеючий папір з надсічками,1+0,ламінація матова,порізка,1700,4326 ₴,4326,2026-04-14T12:07:08.875940,
100x150,самоклеючий папір з надсічками,4+0,ламінація глянцева,без порізки,500,1794 ₴,1794,2026-04-14T12:07:08.544874,
100x150,самоклеючий папір з надсічками,4+0,без оздоблення,плоттер,100,644 ₴,644,2026-04-14T12:07:08.543833,
100x150,самоклеючий папір з надсічками,1+0,ламінація матова,порізка,2000,5053 ₴,5053,2026-04-14T12:07:10.237687,
100x150,самоклеючий папір з надсічками,4+0,soft touch,без порізки,150,714 ₴,714,2026-04-14T12:07:09.888880,
100x150,самоклеючий папір з надсічками,4+0,soft touch,порізка,200,972 ₴,972,2026-04-14T12:07:09.887853,
100x150,самоклеючий папір з надсічками,1+0,ламінація матова,порізка,2500,6302 ₴,6302,2026-04-14T12:07:11.598651,
100x150,самоклеючий папір з надсічками,4+0,без оздоблення,плоттер,150,941 ₴,941,2026-04-14T12:07:11.251199,
100x150,самоклеючий папір з надсічками,4+0,ламінація глянцева,без порізки,1000,3421 ₴,3421,2026-04-14T12:07:11.250204,
100x150,самоклеючий папір з надсічками,1+0,ламінація матова,порізка,5000,12504 ₴,12504,2026-04-14T12:07:12.962498,
100x150,самоклеючий папір з надсічками,4+0,soft touch,без порізки,200,919 ₴,919,2026-04-14T12:07:12.612175,
100x150,самоклеючий папір з надсічками,4+0,soft touch,порізка,250,1209 ₴,1209,2026-04-14T12:07:12.615101,
100x150,самоклеючий папір з надсічками,1+0,ламінація матова,порізка,10000,24965 ₴,24965,2026-04-14T12:07:14.325211,
100x150,самоклеючий папір з надсічками,4+0,без оздоблення,плоттер,200,1212 ₴,1212,2026-04-14T12:07:13.978305,
100x150,самоклеючий папір з надсічками,4+0,ламінація глянцева,без порізки,1200,4055 ₴,4055,2026-04-14T12:07:13.979154,
100x150,самоклеючий папір з надсічками,1+0,ламінація матова,порізка,25000,62350 ₴,62350,2026-04-14T12:07:15.681421,
100x150,самоклеючий папір з надсічками,4+0,soft touch,без порізки,250,1156 ₴,1156,2026-04-14T12:07:15.352977,
100x150,самоклеючий папір з надсічками,4+0,soft touch,порізка,300,1412 ₴,1412,2026-04-14T12:07:15.353751,
100x150,самоклеючий папір з надсічками,1+0,ламінація матова,порізка,50000,124657 ₴,124657,2026-04-14T12:07:17.037408,
100x150,самоклеючий папір з надсічками,4+0,ламінація глянцева,без порізки,1500,4996 ₴,4996,2026-04-14T12:07:16.708282,
100x150,самоклеючий папір з надсічками,4+0,без оздоблення,плоттер,250,1503 ₴,1503,2026-04-14T12:07:16.707355,
100x150,самоклеючий папір з надсічками,1+0,soft touch,без порізки,1,41 ₴,41,2026-04-14T12:07:19.093581,
100x150,самоклеючий папір з надсічками,4+0,soft touch,без порізки,300,1359 ₴,1359,2026-04-14T12:07:18.063565,
100x150,самоклеючий папір з надсічками,4+0,soft touch,порізка,500,2248 ₴,2248,2026-04-14T12:07:18.064518,
100x150,самоклеючий папір з надсічками,1+0,soft touch,без порізки,3,41 ₴,41,2026-04-14T12:07:20.451653,
100x150,самоклеючий папір з надсічками,4+0,ламінація глянцева,без порізки,1700,5600 ₴,5600,2026-04-14T12:07:19.412179,
100x150,самоклеючий папір з надсічками,4+0,без оздоблення,плоттер,300,1768 ₴,1768,2026-04-14T12:07:19.413184,
100x150,самоклеючий папір з надсічками,1+0,soft touch,без порізки,5,41 ₴,41,2026-04-14T12:07:21.806009,
100x150,самоклеючий папір з надсічками,4+0,soft touch,без порізки,500,2195 ₴,2195,2026-04-14T12:07:20.801041,
100x150,самоклеючий папір з надсічками,4+0,soft touch,порізка,1000,4283 ₴,4283,2026-04-14T12:07:20.801819,
100x150,самоклеючий папір з надсічками,1+0,soft touch,без порізки,10,68 ₴,68,2026-04-14T12:07:23.165693,
100x150,самоклеючий папір з надсічками,4+0,ламінація глянцева,без порізки,2000,6470 ₴,6470,2026-04-14T12:07:21.852755,
100x150,самоклеючий папір з надсічками,4+0,без оздоблення,плоттер,500,2844 ₴,2844,2026-04-14T12:07:21.853362,
100x150,самоклеючий папір з надсічками,1+0,soft touch,без порізки,15,68 ₴,68,2026-04-14T12:07:24.531213,
100x150,самоклеючий папір з надсічками,4+0,soft touch,без порізки,1000,4217 ₴,4217,2026-04-14T12:07:23.834578,
100x150,самоклеючий папір з надсічками,4+0,soft touch,порізка,1200,5090 ₴,5090,2026-04-14T12:07:23.835489,
100x150,самоклеючий папір з надсічками,1+0,soft touch,без порізки,20,94 ₴,94,2026-04-14T12:07:25.892108,
100x150,самоклеючий папір з надсічками,4+0,ламінація глянцева,без порізки,2500,7891 ₴,7891,2026-04-14T12:07:25.197880,
100x150,самоклеючий папір з надсічками,4+0,без оздоблення,плоттер,1000,5316 ₴,5316,2026-04-14T12:07:25.199637,
100x150,самоклеючий папір з надсічками,4+0,soft touch,без порізки,1200,5011 ₴,5011,2026-04-14T12:07:25.918597,
100x150,самоклеючий папір з надсічками,4+0,soft touch,порізка,1500,6299 ₴,6299,2026-04-14T12:07:25.919477,
100x150,самоклеючий папір з надсічками,1+0,soft touch,без порізки,25,121 ₴,121,2026-04-14T12:07:27.250102,
100x150,самоклеючий папір з надсічками,4+0,ламінація глянцева,без порізки,5000,15466 ₴,15466,2026-04-14T12:07:27.277190,
100x150,самоклеючий папір з надсічками,4+0,без оздоблення,плоттер,1200,6220 ₴,6220,2026-04-14T12:07:27.278102,
100x150,самоклеючий папір з надсічками,1+0,soft touch,без порізки,50,202 ₴,202,2026-04-14T12:07:28.607156,
100x150,самоклеючий папір з надсічками,4+0,soft touch,без порізки,1500,6194 ₴,6194,2026-04-14T12:07:28.276359,
100x150,самоклеючий папір з надсічками,4+0,soft touch,порізка,1700,7075 ₴,7075,2026-04-14T12:07:28.277212,
100x150,самоклеючий папір з надсічками,1+0,soft touch,без порізки,100,363 ₴,363,2026-04-14T12:07:29.965971,
100x150,самоклеючий папір з надсічками,4+0,ламінація глянцева,без порізки,10000,30869 ₴,30869,2026-04-14T12:07:29.631634,
100x150,самоклеючий папір з надсічками,4+0,без оздоблення,плоттер,1500,7574 ₴,7574,2026-04-14T12:07:29.632699,
100x150,самоклеючий папір з надсічками,1+0,soft touch,без порізки,150,523 ₴,523,2026-04-14T12:07:31.318671,
100x150,самоклеючий папір з надсічками,4+0,soft touch,без порізки,1700,6957 ₴,6957,2026-04-14T12:07:30.973563,
100x150,самоклеючий папір з надсічками,4+0,soft touch,порізка,2000,8195 ₴,8195,2026-04-14T12:07:30.988889,
100x150,самоклеючий папір з надсічками,1+0,soft touch,без порізки,200,683 ₴,683,2026-04-14T12:07:32.680203,
100x150,самоклеючий папір з надсічками,4+0,ламінація глянцева,без порізки,25000,77077 ₴,77077,2026-04-14T12:07:32.350930,
100x150,самоклеючий папір з надсічками,4+0,без оздоблення,плоттер,1700,8576 ₴,8576,2026-04-14T12:07:32.351654,
100x150,самоклеючий папір з надсічками,1+0,soft touch,без порізки,250,863 ₴,863,2026-04-14T12:07:34.041775,
100x150,самоклеючий папір з надсічками,4+0,soft touch,без порізки,2000,8064 ₴,8064,2026-04-14T12:07:33.708320,
100x150,самоклеючий папір з надсічками,4+0,soft touch,порізка,2500,10057 ₴,10057,2026-04-14T12:07:33.709109,
100x150,самоклеючий папір з надсічками,1+0,soft touch,без порізки,300,1016 ₴,1016,2026-04-14T12:07:35.401488,
100x150,самоклеючий папір з надсічками,4+0,без оздоблення,плоттер,2000,10078 ₴,10078,2026-04-14T12:07:35.074874,
100x150,самоклеючий папір з надсічками,4+0,ламінація глянцева,без порізки,50000,154091 ₴,154091,2026-04-14T12:07:35.074054,
100x150,самоклеючий папір з надсічками,1+0,soft touch,без порізки,500,1655 ₴,1655,2026-04-14T12:07:36.761959,
100x150,самоклеючий папір з надсічками,4+0,soft touch,без порізки,2500,9886 ₴,9886,2026-04-14T12:07:36.425699,
100x150,самоклеючий папір з надсічками,4+0,soft touch,порізка,5000,19779 ₴,19779,2026-04-14T12:07:36.426588,
100x150,самоклеючий папір з надсічками,1+0,soft touch,без порізки,1000,3235 ₴,3235,2026-04-14T12:07:38.109227,
100x150,самоклеючий папір з надсічками,4+0,без оздоблення,плоттер,2500,12581 ₴,12581,2026-04-14T12:07:37.780008,
100x150,самоклеючий папір з надсічками,1+0,soft touch,без порізки,1200,3869 ₴,3869,2026-04-14T12:07:39.462051,
100x150,самоклеючий папір з надсічками,4+0,soft touch,без порізки,5000,19450 ₴,19450,2026-04-14T12:07:39.147749,
100x150,самоклеючий папір з надсічками,4+0,soft touch,порізка,10000,39493 ₴,39493,2026-04-14T12:07:39.148776,
100x150,самоклеючий папір з надсічками,1+0,soft touch,без порізки,1500,4832 ₴,4832,2026-04-14T12:07:40.823490,
100x150,самоклеючий папір з надсічками,4+0,без оздоблення,плоттер,5000,25100 ₴,25100,2026-04-14T12:07:40.491098,
100x150,самоклеючий папір з надсічками,1+0,soft touch,без порізки,1700,5463 ₴,5463,2026-04-14T12:07:42.179403,
100x150,самоклеючий папір з надсічками,4+0,ламінація глянцева,плоттер,1,73 ₴,73,2026-04-14T12:07:41.181718,
100x150,самоклеючий папір з надсічками,4+0,soft touch,без порізки,10000,38836 ₴,38836,2026-04-14T12:07:41.848421,
100x150,самоклеючий папір з надсічками,4+0,soft touch,порізка,25000,98639 ₴,98639,2026-04-14T12:07:41.849236,
100x150,самоклеючий папір з надсічками,1+0,soft touch,без порізки,2000,6395 ₴,6395,2026-04-14T12:07:43.537391,
100x150,самоклеючий папір з надсічками,4+0,без оздоблення,плоттер,10000,50136 ₴,50136,2026-04-14T12:07:43.207251,
100x150,самоклеючий папір з надсічками,4+0,ламінація глянцева,плоттер,3,73 ₴,73,2026-04-14T12:07:43.564356,
100x150,самоклеючий папір з надсічками,1+0,soft touch,без порізки,2500,7975 ₴,7975,2026-04-14T12:07:44.897873,
100x150,самоклеючий папір з надсічками,4+0,soft touch,порізка,50000,197215 ₴,197215,2026-04-14T12:07:44.555133,
100x150,самоклеючий папір з надсічками,4+0,soft touch,без порізки,25000,96996 ₴,96996,2026-04-14T12:07:44.549842,
100x150,самоклеючий папір з надсічками,1+0,soft touch,без порізки,5000,15858 ₴,15858,2026-04-14T12:07:46.261567,
100x150,самоклеючий папір з надсічками,4+0,ламінація глянцева,плоттер,5,119 ₴,119,2026-04-14T12:07:45.916898,
100x150,самоклеючий папір з надсічками,4+0,без оздоблення,плоттер,25000,125245 ₴,125245,2026-04-14T12:07:45.915986,
100x150,самоклеючий папір з надсічками,1+0,soft touch,без порізки,10000,31673 ₴,31673,2026-04-14T12:07:47.621840,
100x150,самоклеючий папір з надсічками,4+0,soft touch,без порізки,50000,193930 ₴,193930,2026-04-14T12:07:47.291130,
100x150,самоклеючий папір з надсічками,1+0,soft touch,без порізки,25000,79120 ₴,79120,2026-04-14T12:07:48.981708,
100x150,самоклеючий папір з надсічками,4+0,ламінація глянцева,плоттер,10,165 ₴,165,2026-04-14T12:07:48.631711,
100x150,самоклеючий папір з надсічками,4+0,без оздоблення,плоттер,50000,250427 ₴,250427,2026-04-14T12:07:48.632785,
100x150,самоклеючий папір з надсічками,1+0,soft touch,без порізки,50000,158198 ₴,158198,2026-04-14T12:07:50.342481,
100x150,самоклеючий папір з надсічками,4+0,soft touch,плоттер,1,80 ₴,80,2026-04-14T12:07:50.704903,
100x150,самоклеючий папір з надсічками,без друку,без оздоблення,порізка,1,64 ₴,64,2026-04-14T12:07:52.742498,
100x150,самоклеючий папір з надсічками,4+0,ламінація глянцева,плоттер,15,206 ₴,206,2026-04-14T12:07:51.371684,
100x150,самоклеючий папір з надсічками,без друку,без оздоблення,порізка,3,64 ₴,64,2026-04-14T12:07:54.100152,
100x150,самоклеючий папір з надсічками,4+0,soft touch,плоттер,3,80 ₴,80,2026-04-14T12:07:53.091276,
100x150,самоклеючий папір з надсічками,4+0,ламінація глянцева,плоттер,20,238 ₴,238,2026-04-14T12:07:54.101119,
100x150,самоклеючий папір з надсічками,без друку,без оздоблення,порізка,5,64 ₴,64,2026-04-14T12:07:55.462018,
100x150,самоклеючий папір з надсічками,1+0,без оздоблення,порізка,1,66 ₴,66,2026-04-14T12:07:54.463458,
100x150,самоклеючий папір з надсічками,1+0,без оздоблення,без порізки,1,13 ₴,13,2026-04-14T12:07:54.473731,
100x150,самоклеючий папір з надсічками,без друку,без оздоблення,порізка,10,74 ₴,74,2026-04-14T12:07:56.817905,
100x150,самоклеючий папір з надсічками,4+0,soft touch,плоттер,5,132 ₴,132,2026-04-14T12:07:56.141256,
100x150,самоклеючий папір з надсічками,1+0,без оздоблення,порізка,3,66 ₴,66,2026-04-14T12:07:56.843066,
100x150,самоклеючий папір з надсічками,1+0,без оздоблення,без порізки,3,13 ₴,13,2026-04-14T12:07:56.843984,
100x150,самоклеючий папір з надсічками,4+0,ламінація глянцева,плоттер,25,302 ₴,302,2026-04-14T12:07:56.472257,
100x150,самоклеючий папір з надсічками,без друку,без оздоблення,порізка,15,74 ₴,74,2026-04-14T12:07:58.179506,
100x150,самоклеючий папір з надсічками,4+0,soft touch,плоттер,10,184 ₴,184,2026-04-14T12:07:58.204304,
100x150,самоклеючий папір з надсічками,без друку,без оздоблення,порізка,20,85 ₴,85,2026-04-14T12:07:59.539372,
100x150,самоклеючий папір з надсічками,4+0,ламінація глянцева,плоттер,50,495 ₴,495,2026-04-14T12:07:59.195993,
100x150,самоклеючий папір з надсічками,1+0,без оздоблення,порізка,5,66 ₴,66,2026-04-14T12:07:59.189322,
100x150,самоклеючий папір з надсічками,1+0,без оздоблення,без порізки,5,13 ₴,13,2026-04-14T12:07:59.190122,
100x150,самоклеючий папір з надсічками,без друку,без оздоблення,порізка,25,95 ₴,95,2026-04-14T12:08:00.894495,
100x150,самоклеючий папір з надсічками,4+0,soft touch,плоттер,15,231 ₴,231,2026-04-14T12:08:00.547143,
100x150,самоклеючий папір з надсічками,без друку,без оздоблення,порізка,50,126 ₴,126,2026-04-14T12:08:02.252033,
100x150,самоклеючий папір з надсічками,1+0,без оздоблення,порізка,10,79 ₴,79,2026-04-14T12:08:01.934375,
100x150,самоклеючий папір з надсічками,4+0,ламінація глянцева,плоттер,100,877 ₴,877,2026-04-14T12:08:01.933399,
100x150,самоклеючий папір з надсічками,1+0,без оздоблення,без порізки,10,26 ₴,26,2026-04-14T12:08:01.935173,
100x150,самоклеючий папір з надсічками,без друку,без оздоблення,порізка,100,189 ₴,189,2026-04-14T12:08:03.607422,
100x150,самоклеючий папір з надсічками,4+0,soft touch,плоттер,20,270 ₴,270,2026-04-14T12:08:03.276116,
100x150,самоклеючий папір з надсічками,без друку,без оздоблення,порізка,150,251 ₴,251,2026-04-14T12:08:04.971358,
100x150,самоклеючий папір з надсічками,1+0,без оздоблення,порізка,15,79 ₴,79,2026-04-14T12:08:04.625031,
100x150,самоклеючий папір з надсічками,1+0,без оздоблення,без порізки,15,26 ₴,26,2026-04-14T12:08:04.626866,
100x150,самоклеючий папір з надсічками,4+0,ламінація глянцева,плоттер,150,1289 ₴,1289,2026-04-14T12:08:04.626076,
100x150,самоклеючий папір з надсічками,без друку,без оздоблення,порізка,200,313 ₴,313,2026-04-14T12:08:06.333776,
100x150,самоклеючий папір з надсічками,4+0,soft touch,плоттер,25,347 ₴,347,2026-04-14T12:08:05.987388,
100x150,самоклеючий папір з надсічками,без друку,без оздоблення,порізка,250,386 ₴,386,2026-04-14T12:08:07.693898,
100x150,самоклеючий папір з надсічками,1+0,без оздоблення,порізка,20,91 ₴,91,2026-04-14T12:08:07.347108,
100x150,самоклеючий папір з надсічками,1+0,без оздоблення,без порізки,20,38 ₴,38,2026-04-14T12:08:07.348103,
100x150,самоклеючий папір з надсічками,4+0,ламінація глянцева,плоттер,200,1666 ₴,1666,2026-04-14T12:08:07.348950,
100x150,самоклеючий папір з надсічками,без друку,без оздоблення,порізка,300,448 ₴,448,2026-04-14T12:08:09.052951,
100x150,самоклеючий папір з надсічками,4+0,soft touch,плоттер,50,578 ₴,578,2026-04-14T12:08:08.720755,
100x150,самоклеючий папір з надсічками,без друку,без оздоблення,порізка,500,708 ₴,708,2026-04-14T12:08:10.407248,
100x150,самоклеючий папір з надсічками,4+0,ламінація глянцева,плоттер,250,2071 ₴,2071,2026-04-14T12:08:10.076308,
100x150,самоклеючий папір з надсічками,1+0,без оздоблення,порізка,25,104 ₴,104,2026-04-14T12:08:10.074306,
100x150,самоклеючий папір з надсічками,1+0,без оздоблення,без порізки,25,51 ₴,51,2026-04-14T12:08:10.075395,
100x150,самоклеючий папір з надсічками,без друку,без оздоблення,порізка,1000,1366 ₴,1366,2026-04-14T12:08:11.766792,
100x150,самоклеючий папір з надсічками,4+0,soft touch,плоттер,100,1037 ₴,1037,2026-04-14T12:08:11.450015,
100x150,самоклеючий папір з надсічками,без друку,без оздоблення,порізка,1200,1638 ₴,1638,2026-04-14T12:08:13.121328,
100x150,самоклеючий папір з надсічками,4+0,ламінація глянцева,плоттер,300,2442 ₴,2442,2026-04-14T12:08:12.790230,
100x150,самоклеючий папір з надсічками,1+0,без оздоблення,без порізки,50,89 ₴,89,2026-04-14T12:08:12.792140,
100x150,самоклеючий папір з надсічками,1+0,без оздоблення,порізка,50,142 ₴,142,2026-04-14T12:08:12.791221,
100x150,самоклеючий папір з надсічками,без друку,без оздоблення,порізка,1500,2059 ₴,2059,2026-04-14T12:08:14.479009,
100x150,самоклеючий папір з надсічками,4+0,soft touch,плоттер,150,1531 ₴,1531,2026-04-14T12:08:14.146885,
100x150,самоклеючий папір з надсічками,без друку,без оздоблення,порізка,1700,2332 ₴,2332,2026-04-14T12:08:15.837352,
100x150,самоклеючий папір з надсічками,1+0,без оздоблення,без порізки,100,164 ₴,164,2026-04-14T12:08:15.505309,
100x150,самоклеючий папір з надсічками,1+0,без оздоблення,порізка,100,217 ₴,217,2026-04-14T12:08:15.506104,
100x150,самоклеючий папір з надсічками,4+0,ламінація глянцева,плоттер,500,3957 ₴,3957,2026-04-14T12:08:15.504400,
100x150,самоклеючий папір з надсічками,без друку,без оздоблення,порізка,2000,2730 ₴,2730,2026-04-14T12:08:17.198076,
100x150,самоклеючий папір з надсічками,4+0,soft touch,плоттер,200,1985 ₴,1985,2026-04-14T12:08:16.865922,
100x150,самоклеючий папір з надсічками,без друку,без оздоблення,порізка,2500,3424 ₴,3424,2026-04-14T12:08:18.555451,
100x150,самоклеючий папір з надсічками,1+0,без оздоблення,без порізки,150,240 ₴,240,2026-04-14T12:08:18.228172,
100x150,самоклеючий папір з надсічками,1+0,без оздоблення,порізка,150,293 ₴,293,2026-04-14T12:08:18.229090,
100x150,самоклеючий папір з надсічками,4+0,ламінація глянцева,плоттер,1000,7531 ₴,7531,2026-04-14T12:08:18.230055,
100x150,самоклеючий папір з надсічками,без друку,без оздоблення,порізка,5000,6825 ₴,6825,2026-04-14T12:08:19.917022,
100x150,самоклеючий папір з надсічками,4+0,soft touch,плоттер,250,2473 ₴,2473,2026-04-14T12:08:19.584548,
100x150,самоклеючий папір з надсічками,без друку,без оздоблення,порізка,10000,13648 ₴,13648,2026-04-14T12:08:21.288295,
100x150,самоклеючий папір з надсічками,4+0,ламінація глянцева,плоттер,1200,8874 ₴,8874,2026-04-14T12:08:20.943173,
100x150,самоклеючий папір з надсічками,1+0,без оздоблення,порізка,200,367 ₴,367,2026-04-14T12:08:20.942346,
100x150,самоклеючий папір з надсічками,1+0,без оздоблення,без порізки,200,314 ₴,314,2026-04-14T12:08:20.941369,
100x150,самоклеючий папір з надсічками,без друку,без оздоблення,порізка,25000,34119 ₴,34119,2026-04-14T12:08:22.648570,
100x150,самоклеючий папір з надсічками,4+0,soft touch,плоттер,300,2920 ₴,2920,2026-04-14T12:08:22.299650,
100x150,самоклеючий папір з надсічками,без друку,без оздоблення,порізка,50000,68237 ₴,68237,2026-04-14T12:08:23.998656,
100x150,самоклеючий папір з надсічками,1+0,без оздоблення,без порізки,250,394 ₴,394,2026-04-14T12:08:23.668736,
100x150,самоклеючий папір з надсічками,1+0,без оздоблення,порізка,250,447 ₴,447,2026-04-14T12:08:23.667625,
100x150,самоклеючий папір з надсічками,4+0,ламінація глянцева,плоттер,1500,10889 ₴,10889,2026-04-14T12:08:23.666554,
100x150,самоклеючий папір з надсічками,без друку,ламінація глянцева,без порізки,1,32 ₴,32,2026-04-14T12:08:26.038492,
100x150,самоклеючий папір з надсічками,4+0,soft touch,плоттер,500,4754 ₴,4754,2026-04-14T12:08:25.041625,
100x150,самоклеючий папір з надсічками,без друку,ламінація глянцева,без порізки,3,32 ₴,32,2026-04-14T12:08:27.402161,
100x150,самоклеючий папір з надсічками,1+0,без оздоблення,без порізки,300,462 ₴,462,2026-04-14T12:08:26.388328,
100x150,самоклеючий папір з надсічками,1+0,без оздоблення,порізка,300,515 ₴,515,2026-04-14T12:08:26.389264,
100x150,самоклеючий папір з надсічками,4+0,ламінація глянцева,плоттер,1700,12330 ₴,12330,2026-04-14T12:08:26.390134,
100x150,самоклеючий папір з надсічками,без друку,ламінація глянцева,без порізки,5,32 ₴,32,2026-04-14T12:08:28.735493,
100x150,самоклеючий папір з надсічками,4+0,soft touch,плоттер,1000,9124 ₴,9124,2026-04-14T12:08:27.750888,
100x150,самоклеючий папір з надсічками,без друку,ламінація глянцева,без порізки,10,50 ₴,50,2026-04-14T12:08:30.094182,
100x150,самоклеючий папір з надсічками,1+0,без оздоблення,без порізки,500,745 ₴,745,2026-04-14T12:08:29.431262,
100x150,самоклеючий папір з надсічками,4+0,ламінація глянцева,плоттер,2000,14493 ₴,14493,2026-04-14T12:08:29.433950,
100x150,самоклеючий папір з надсічками,1+0,без оздоблення,порізка,500,798 ₴,798,2026-04-14T12:08:29.432922,
100x150,самоклеючий папір з надсічками,без друку,ламінація глянцева,без порізки,15,50 ₴,50,2026-04-14T12:08:31.452779,
100x150,самоклеючий папір з надсічками,4+0,soft touch,плоттер,1200,10786 ₴,10786,2026-04-14T12:08:30.787819,
100x150,самоклеючий папір з надсічками,4+0,ламінація глянцева,плоттер,2500,18097 ₴,18097,2026-04-14T12:08:31.481085,
100x150,самоклеючий папір з надсічками,1+0,без оздоблення,порізка,1000,1509 ₴,1509,2026-04-14T12:08:31.481762,
100x150,самоклеючий папір з надсічками,1+0,без оздоблення,без порізки,1000,1443 ₴,1443,2026-04-14T12:08:31.480117,
100x150,самоклеючий папір з надсічками,без друку,ламінація глянцева,без порізки,20,69 ₴,69,2026-04-14T12:08:32.810079,
100x150,самоклеючий папір з надсічками,4+0,soft touch,плоттер,1500,13279 ₴,13279,2026-04-14T12:08:32.847307,
100x150,самоклеючий папір з надсічками,без друку,ламінація глянцева,без порізки,25,87 ₴,87,2026-04-14T12:08:34.171100,
100x150,самоклеючий папір з надсічками,1+0,без оздоблення,порізка,1200,1800 ₴,1800,2026-04-14T12:08:33.840866,
100x150,самоклеючий папір з надсічками,4+0,ламінація глянцева,плоттер,5000,36117 ₴,36117,2026-04-14T12:08:33.839971,
100x150,самоклеючий папір з надсічками,1+0,без оздоблення,без порізки,1200,1721 ₴,1721,2026-04-14T12:08:33.841774,
100x150,самоклеючий папір з надсічками,без друку,ламінація глянцева,без порізки,50,142 ₴,142,2026-04-14T12:08:35.525836,
100x150,самоклеючий папір з надсічками,4+0,soft touch,плоттер,1700,15039 ₴,15039,2026-04-14T12:08:35.196466,
100x150,самоклеючий папір з надсічками,без друку,ламінація глянцева,без порізки,100,251 ₴,251,2026-04-14T12:08:36.883595,
100x150,самоклеючий папір з надсічками,1+0,без оздоблення,порізка,1500,2248 ₴,2248,2026-04-14T12:08:36.534532,
100x150,самоклеючий папір з надсічками,1+0,без оздоблення,без порізки,1500,2143 ₴,2143,2026-04-14T12:08:36.549852,
100x150,самоклеючий папір з надсічками,4+0,ламінація глянцева,плоттер,10000,72157 ₴,72157,2026-04-14T12:08:36.535335,
100x150,самоклеючий папір з надсічками,без друку,ламінація глянцева,без порізки,150,361 ₴,361,2026-04-14T12:08:38.245039,
100x150,самоклеючий папір з надсічками,4+0,soft touch,плоттер,2000,17680 ₴,17680,2026-04-14T12:08:37.912141,
100x150,самоклеючий папір з надсічками,без друку,ламінація глянцева,без порізки,200,470 ₴,470,2026-04-14T12:08:39.603616,
100x150,самоклеючий папір з надсічками,1+0,без оздоблення,порізка,1700,2536 ₴,2536,2026-04-14T12:08:39.271586,
100x150,самоклеючий папір з надсічками,1+0,без оздоблення,без порізки,1700,2418 ₴,2418,2026-04-14T12:08:39.272355,
100x150,самоклеючий папір з надсічками,4+0,ламінація глянцева,плоттер,25000,180277 ₴,180277,2026-04-14T12:08:39.273232,
100x150,самоклеючий папір з надсічками,без друку,ламінація глянцева,без порізки,250,598 ₴,598,2026-04-14T12:08:40.957347,
100x150,самоклеючий папір з надсічками,4+0,soft touch,плоттер,2500,22081 ₴,22081,2026-04-14T12:08:40.630162,
100x150,самоклеючий папір з надсічками,без друку,ламінація глянцева,без порізки,300,707 ₴,707,2026-04-14T12:08:42.314670,
100x150,самоклеючий папір з надсічками,1+0,без оздоблення,без порізки,2000,2824 ₴,2824,2026-04-14T12:08:41.973670,
100x150,самоклеючий папір з надсічками,4+0,ламінація глянцева,плоттер,50000,360478 ₴,360478,2026-04-14T12:08:41.974248,
100x150,самоклеючий папір з надсічками,1+0,без оздоблення,порізка,2000,2955 ₴,2955,2026-04-14T12:08:41.968053,
100x150,самоклеючий папір з надсічками,без друку,ламінація глянцева,без порізки,500,1164 ₴,1164,2026-04-14T12:08:43.663738,
100x150,самоклеючий папір з надсічками,4+0,soft touch,плоттер,5000,44085 ₴,44085,2026-04-14T12:08:43.329759,
100x150,самоклеючий папір з надсічками,без друку,ламінація глянцева,без порізки,1000,2295 ₴,2295,2026-04-14T12:08:45.018115,
100x150,самоклеючий папір з надсічками,1+0,без оздоблення,порізка,2500,3678 ₴,3678,2026-04-14T12:08:44.702806,
100x150,самоклеючий папір з надсічками,1+0,без оздоблення,без порізки,2500,3507 ₴,3507,2026-04-14T12:08:44.701138,
100x150,самоклеючий папір з надсічками,без друку,ламінація глянцева,без порізки,1200,2751 ₴,2751,2026-04-14T12:08:46.377290,
100x150,самоклеючий папір з надсічками,4+0,soft touch,плоттер,10000,88092 ₴,88092,2026-04-14T12:08:46.053230,
100x150,самоклеючий папір з надсічками,без друку,ламінація глянцева,без порізки,1500,3445 ₴,3445,2026-04-14T12:08:47.725788,
100x150,самоклеючий папір з надсічками,1+0,без оздоблення,порізка,5000,7279 ₴,7279,2026-04-14T12:08:47.384012,
100x150,самоклеючий папір з надсічками,1+0,без оздоблення,без порізки,5000,6950 ₴,6950,2026-04-14T12:08:47.385018,
100x150,самоклеючий папір з надсічками,без друку,ламінація глянцева,без порізки,1700,3901 ₴,3901,2026-04-14T12:08:49.085639,
100x150,самоклеючий папір з надсічками,1+0,ламінація матова,без порізки,1,35 ₴,35,2026-04-14T12:08:48.096562,
100x150,самоклеючий папір з надсічками,4+0,soft touch,плоттер,25000,220116 ₴,220116,2026-04-14T12:08:48.752826,
100x150,самоклеючий папір з надсічками,без друку,ламінація глянцева,без порізки,2000,4576 ₴,4576,2026-04-14T12:08:50.444329,
100x150,самоклеючий папір з надсічками,1+0,без оздоблення,без порізки,10000,13871 ₴,13871,2026-04-14T12:08:50.096315,
100x150,самоклеючий папір з надсічками,1+0,без оздоблення,порізка,10000,14528 ₴,14528,2026-04-14T12:08:50.095489,
100x150,самоклеючий папір з надсічками,1+0,ламінація матова,без порізки,3,35 ₴,35,2026-04-14T12:08:50.467499,
100x150,самоклеючий папір з надсічками,без друку,ламінація глянцева,без порізки,2500,5726 ₴,5726,2026-04-14T12:08:51.804991,
100x150,самоклеючий папір з надсічками,4+0,soft touch,плоттер,50000,440155 ₴,440155,2026-04-14T12:08:51.458058,
100x150,самоклеючий папір з надсічками,без друку,ламінація глянцева,без порізки,5000,11419 ₴,11419,2026-04-14T12:08:53.165976,
100x150,самоклеючий папір з надсічками,1+0,ламінація матова,без порізки,5,35 ₴,35,2026-04-14T12:08:52.819698,
100x150,самоклеючий папір з надсічками,1+0,без оздоблення,без порізки,25000,34635 ₴,34635,2026-04-14T12:08:52.818220,
100x150,самоклеючий папір з надсічками,1+0,без оздоблення,порізка,25000,36278 ₴,36278,2026-04-14T12:08:52.819057,
100x150,самоклеючий папір з надсічками,без друку,ламінація глянцева,без порізки,10000,22825 ₴,22825,2026-04-14T12:08:54.526118,
100x150,самоклеючий папір з надсічками,без друку,ламінація глянцева,без порізки,25000,57041 ₴,57041,2026-04-14T12:08:55.880055,
100x150,самоклеючий папір з надсічками,1+0,без оздоблення,без порізки,50000,69242 ₴,69242,2026-04-14T12:08:55.552889,
100x150,самоклеючий папір з надсічками,1+0,ламінація матова,без порізки,10,56 ₴,56,2026-04-14T12:08:55.551901,
100x150,самоклеючий папір з надсічками,1+0,без оздоблення,порізка,50000,72527 ₴,72527,2026-04-14T12:08:55.553707,
100x150,самоклеючий папір з надсічками,без друку,ламінація глянцева,без порізки,50000,114069 ₴,114069,2026-04-14T12:08:57.237967,
100x150,самоклеючий папір з надсічками,без друку,ламінація глянцева,плоттер,1,50 ₴,50,2026-04-14T12:08:59.337883,
100x150,самоклеючий папір з надсічками,1+0,ламінація матова,без порізки,15,56 ₴,56,2026-04-14T12:08:58.252711,
100x150,самоклеючий папір з надсічками,1+0,ламінація глянцева,порізка,1,87 ₴,87,2026-04-14T12:08:58.973448,
100x150,самоклеючий папір з надсічками,без друку,ламінація глянцева,плоттер,3,50 ₴,50,2026-04-14T12:09:00.699475,
100x150,самоклеючий папір з надсічками,без друку,ламінація глянцева,плоттер,5,72 ₴,72,2026-04-14T12:09:02.050117,
100x150,самоклеючий папір з надсічками,1+0,soft touch,порізка,1,94 ₴,94,2026-04-14T12:09:01.057175,
100x150,самоклеючий папір з надсічками,1+0,ламінація глянцева,без порізки,1,34 ₴,34,2026-04-14T12:09:01.058248,
100x150,самоклеючий папір з надсічками,1+0,ламінація матова,без порізки,20,77 ₴,77,2026-04-14T12:09:00.979913,
100x150,самоклеючий папір з надсічками,без друку,ламінація глянцева,плоттер,10,95 ₴,95,2026-04-14T12:09:03.406916,
100x150,самоклеючий папір з надсічками,1+0,ламінація глянцева,порізка,3,87 ₴,87,2026-04-14T12:09:01.987530,
100x150,самоклеючий папір з надсічками,1+0,ламінація глянцева,без порізки,3,34 ₴,34,2026-04-14T12:09:03.434599,
100x150,самоклеючий папір з надсічками,1+0,soft touch,порізка,3,94 ₴,94,2026-04-14T12:09:03.433811,
100x150,самоклеючий папір з надсічками,без друку,ламінація глянцева,плоттер,15,117 ₴,117,2026-04-14T12:09:04.766299,
100x150,самоклеючий папір з надсічками,1+0,ламінація матова,без порізки,25,98 ₴,98,2026-04-14T12:09:04.085873,
100x150,самоклеючий папір з надсічками,без друку,ламінація глянцева,плоттер,20,140 ₴,140,2026-04-14T12:09:06.124078,
100x150,самоклеючий папір з надсічками,1+0,ламінація глянцева,порізка,5,87 ₴,87,2026-04-14T12:09:05.147573,
100x150,самоклеючий папір з надсічками,1+0,ламінація матова,без порізки,50,161 ₴,161,2026-04-14T12:09:06.149696,
100x150,самоклеючий папір з надсічками,1+0,soft touch,порізка,5,94 ₴,94,2026-04-14T12:09:05.783020,
100x150,самоклеючий папір з надсічками,1+0,ламінація глянцева,без порізки,5,34 ₴,34,2026-04-14T12:09:05.777730,
100x150,самоклеючий папір з надсічками,без друку,ламінація глянцева,плоттер,25,185 ₴,185,2026-04-14T12:09:07.489621,
100x150,самоклеючий папір з надсічками,без друку,ламінація глянцева,плоттер,50,319 ₴,319,2026-04-14T12:09:08.850084,
100x150,самоклеючий папір з надсічками,1+0,ламінація глянцева,порізка,10,108 ₴,108,2026-04-14T12:09:08.170818,
100x150,самоклеючий папір з надсічками,1+0,ламінація глянцева,без порізки,10,55 ₴,55,2026-04-14T12:09:08.501272,
100x150,самоклеючий папір з надсічками,1+0,ламінація матова,без порізки,100,286 ₴,286,2026-04-14T12:09:08.499415,
100x150,самоклеючий папір з надсічками,1+0,soft touch,порізка,10,121 ₴,121,2026-04-14T12:09:08.500387,
100x150,самоклеючий папір з надсічками,без друку,ламінація глянцева,плоттер,100,588 ₴,588,2026-04-14T12:09:10.211433,
100x150,самоклеючий папір з надсічками,1+0,ламінація глянцева,порізка,15,108 ₴,108,2026-04-14T12:09:10.216501,
100x150,самоклеючий папір з надсічками,без друку,ламінація глянцева,плоттер,150,880 ₴,880,2026-04-14T12:09:11.568967,
100x150,самоклеючий папір з надсічками,1+0,soft touch,порізка,15,121 ₴,121,2026-04-14T12:09:11.224650,
100x150,самоклеючий папір з надсічками,1+0,ламінація глянцева,без порізки,15,55 ₴,55,2026-04-14T12:09:11.222998,
100x150,самоклеючий папір з надсічками,1+0,ламінація матова,без порізки,150,411 ₴,411,2026-04-14T12:09:11.223847,
100x150,самоклеючий папір з надсічками,без друку,ламінація глянцева,плоттер,200,1149 ₴,1149,2026-04-14T12:09:12.930783,
100x150,самоклеючий папір з надсічками,1+0,ламінація глянцева,порізка,20,128 ₴,128,2026-04-14T12:09:12.598562,
100x150,самоклеючий папір з надсічками,без друку,ламінація глянцева,плоттер,250,1441 ₴,1441,2026-04-14T12:09:14.287980,
100x150,самоклеючий папір з надсічками,1+0,ламінація глянцева,без порізки,20,75 ₴,75,2026-04-14T12:09:13.941794,
100x150,самоклеючий папір з надсічками,1+0,ламінація матова,без порізки,200,536 ₴,536,2026-04-14T12:09:13.942816,
100x150,самоклеючий папір з надсічками,1+0,soft touch,порізка,20,147 ₴,147,2026-04-14T12:09:13.940840,
100x150,самоклеючий папір з надсічками,без друку,ламінація глянцева,плоттер,300,1710 ₴,1710,2026-04-14T12:09:15.647747,
100x150,самоклеючий папір з надсічками,1+0,ламінація глянцева,без порізки,25,96 ₴,96,2026-04-14T12:09:15.671567,
100x150,самоклеючий папір з надсічками,1+0,ламінація глянцева,порізка,25,149 ₴,149,2026-04-14T12:09:15.319349,
100x150,самоклеючий папір з надсічками,без друку,ламінація глянцева,плоттер,500,2832 ₴,2832,2026-04-14T12:09:17.002960,
100x150,самоклеючий папір з надсічками,1+0,ламінація матова,без порізки,250,674 ₴,674,2026-04-14T12:09:16.659563,
100x150,самоклеючий папір з надсічками,1+0,soft touch,порізка,25,174 ₴,174,2026-04-14T12:09:16.660447,
100x150,самоклеючий папір з надсічками,без друку,ламінація глянцева,плоттер,1000,5637 ₴,5637,2026-04-14T12:09:18.356337,
100x150,самоклеючий папір з надсічками,1+0,ламінація глянцева,порізка,50,210 ₴,210,2026-04-14T12:09:18.026984,
100x150,самоклеючий папір з надсічками,1+0,ламінація глянцева,без порізки,50,157 ₴,157,2026-04-14T12:09:18.026076,
100x150,самоклеючий папір з надсічками,без друку,ламінація глянцева,плоттер,1200,6758 ₴,6758,2026-04-14T12:09:19.711923,
100x150,самоклеючий папір з надсічками,1+0,soft touch,порізка,50,255 ₴,255,2026-04-14T12:09:19.379017,
100x150,самоклеючий папір з надсічками,1+0,ламінація матова,без порізки,300,792 ₴,792,2026-04-14T12:09:19.363983,
100x150,самоклеючий папір з надсічками,без друку,ламінація глянцева,плоттер,1500,8441 ₴,8441,2026-04-14T12:09:21.068125,
100x150,самоклеючий папір з надсічками,1+0,ламінація глянцева,без порізки,100,280 ₴,280,2026-04-14T12:09:20.734189,
100x150,самоклеючий папір з надсічками,1+0,ламінація глянцева,порізка,100,333 ₴,333,2026-04-14T12:09:20.719841,
100x150,самоклеючий папір з надсічками,без друку,ламінація глянцева,плоттер,1700,9563 ₴,9563,2026-04-14T12:09:22.413117,
100x150,самоклеючий папір з надсічками,1+0,ламінація матова,без порізки,500,1284 ₴,1284,2026-04-14T12:09:22.096348,
100x150,самоклеючий папір з надсічками,1+0,soft touch,порізка,100,416 ₴,416,2026-04-14T12:09:22.095387,
100x150,самоклеючий папір з надсічками,без друку,ламінація глянцева,плоттер,2000,11246 ₴,11246,2026-04-14T12:09:23.762251,
100x150,самоклеючий папір з надсічками,1+0,ламінація глянцева,порізка,150,455 ₴,455,2026-04-14T12:09:23.448391,
100x150,самоклеючий папір з надсічками,1+0,ламінація глянцева,без порізки,150,402 ₴,402,2026-04-14T12:09:23.447491,
100x150,самоклеючий папір з надсічками,без друку,ламінація глянцева,плоттер,2500,14050 ₴,14050,2026-04-14T12:09:25.123921,
100x150,самоклеючий папір з надсічками,1+0,ламінація матова,без порізки,1000,2498 ₴,2498,2026-04-14T12:09:24.791822,
100x150,самоклеючий папір з надсічками,1+0,soft touch,порізка,150,576 ₴,576,2026-04-14T12:09:24.792858,
100x150,самоклеючий папір з надсічками,без друку,ламінація глянцева,плоттер,5000,28073 ₴,28073,2026-04-14T12:09:26.485665,
100x150,самоклеючий папір з надсічками,1+0,ламінація глянцева,порізка,200,577 ₴,577,2026-04-14T12:09:26.136521,
100x150,самоклеючий папір з надсічками,1+0,ламінація глянцева,без порізки,200,524 ₴,524,2026-04-14T12:09:26.137464,
100x150,самоклеючий папір з надсічками,без друку,ламінація глянцева,плоттер,10000,56118 ₴,56118,2026-04-14T12:09:27.845942,
100x150,самоклеючий папір з надсічками,1+0,soft touch,порізка,200,736 ₴,736,2026-04-14T12:09:27.512627,
100x150,самоклеючий папір з надсічками,1+0,ламінація матова,без порізки,1200,2986 ₴,2986,2026-04-14T12:09:27.511422,
100x150,самоклеючий папір з надсічками,без друку,ламінація глянцева,плоттер,25000,140255 ₴,140255,2026-04-14T12:09:29.199301,
100x150,самоклеючий папір з надсічками,1+0,ламінація глянцева,порізка,250,712 ₴,712,2026-04-14T12:09:28.886677,
100x150,самоклеючий папір з надсічками,1+0,ламінація глянцева,без порізки,250,659 ₴,659,2026-04-14T12:09:28.887610,
100x150,самоклеючий папір з надсічками,без друку,ламінація глянцева,плоттер,50000,280483 ₴,280483,2026-04-14T12:09:30.557253,
100x150,самоклеючий папір з надсічками,1+0,soft touch,порізка,250,916 ₴,916,2026-04-14T12:09:30.228477,
100x150,самоклеючий папір з надсічками,1+0,ламінація матова,без порізки,1500,3724 ₴,3724,2026-04-14T12:09:30.229555,
100x150,самоклеючий папір з надсічками,1+0,soft touch,порізка,300,1069 ₴,1069,2026-04-14T12:09:32.931183,
100x150,самоклеючий папір з надсічками,1+0,ламінація глянцева,без порізки,300,774 ₴,774,2026-04-14T12:09:31.572764,
100x150,самоклеючий папір з надсічками,1+0,ламінація глянцева,порізка,300,827 ₴,827,2026-04-14T12:09:31.571909,
100x150,самоклеючий папір з надсічками,1+0,soft touch,порізка,500,1708 ₴,1708,2026-04-14T12:09:34.293799,
100x150,самоклеючий папір з надсічками,1+0,ламінація матова,без порізки,1700,4208 ₴,4208,2026-04-14T12:09:32.931888,
100x150,самоклеючий папір з надсічками,1+0,ламінація глянцева,без порізки,500,1254 ₴,1254,2026-04-14T12:09:34.296720,
100x150,самоклеючий папір з надсічками,1+0,ламінація глянцева,порізка,500,1307 ₴,1307,2026-04-14T12:09:34.297504,
100x150,самоклеючий папір з надсічками,1+0,soft touch,порізка,1000,3301 ₴,3301,2026-04-14T12:09:35.656166,
100x150,самоклеючий папір з надсічками,1+0,soft touch,порізка,1200,3948 ₴,3948,2026-04-14T12:09:37.016592,
100x150,самоклеючий папір з надсічками,1+0,ламінація матова,без порізки,2000,4922 ₴,4922,2026-04-14T12:09:36.131851,
100x150,самоклеючий папір з надсічками,1+0,ламінація глянцева,порізка,1000,2504 ₴,2504,2026-04-14T12:09:36.684078,
100x150,самоклеючий папір з надсічками,1+0,ламінація глянцева,без порізки,1000,2438 ₴,2438,2026-04-14T12:09:36.683054,
100x150,самоклеючий папір з надсічками,1+0,soft touch,порізка,1500,4937 ₴,4937,2026-04-14T12:09:38.375239,
100x150,самоклеючий папір з надсічками,1+0,ламінація матова,без порізки,2500,6131 ₴,6131,2026-04-14T12:09:38.403873,
100x150,самоклеючий папір з надсічками,1+0,soft touch,порізка,1700,5581 ₴,5581,2026-04-14T12:09:39.735617,
100x150,самоклеючий папір з надсічками,1+0,ламінація глянцева,без порізки,1200,2913 ₴,2913,2026-04-14T12:09:39.434067,
100x150,самоклеючий папір з надсічками,1+0,ламінація глянцева,порізка,1200,2992 ₴,2992,2026-04-14T12:09:39.433178,
100x150,самоклеючий папір з надсічками,1+0,soft touch,порізка,2000,6526 ₴,6526,2026-04-14T12:09:41.098645,
100x150,самоклеючий папір з надсічками,1+0,ламінація матова,без порізки,5000,12175 ₴,12175,2026-04-14T12:09:40.765526,
100x150,самоклеючий папір з надсічками,1+0,soft touch,порізка,2500,8146 ₴,8146,2026-04-14T12:09:42.457980,
100x150,самоклеючий папір з надсічками,1+0,ламінація глянцева,без порізки,1500,3633 ₴,3633,2026-04-14T12:09:42.111279,
100x150,самоклеючий папір з надсічками,1+0,ламінація глянцева,порізка,1500,3738 ₴,3738,2026-04-14T12:09:42.116541,
100x150,самоклеючий папір з надсічками,1+0,soft touch,порізка,5000,16187 ₴,16187,2026-04-14T12:09:43.817048,
100x150,самоклеючий папір з надсічками,1+0,ламінація матова,без порізки,10000,24308 ₴,24308,2026-04-14T12:09:43.485885,
100x150,самоклеючий папір з надсічками,1+0,soft touch,порізка,10000,32330 ₴,32330,2026-04-14T12:09:45.173177,
100x150,самоклеючий папір з надсічками,1+0,ламінація глянцева,без порізки,1700,4105 ₴,4105,2026-04-14T12:09:44.843758,
100x150,самоклеючий папір з надсічками,1+0,ламінація глянцева,порізка,1700,4223 ₴,4223,2026-04-14T12:09:44.844793,
100x150,самоклеючий папір з надсічками,1+0,soft touch,порізка,25000,80763 ₴,80763,2026-04-14T12:09:46.523761,
100x150,самоклеючий папір з надсічками,1+0,ламінація матова,без порізки,25000,60707 ₴,60707,2026-04-14T12:09:46.195897,
100x150,самоклеючий папір з надсічками,1+0,soft touch,порізка,50000,161483 ₴,161483,2026-04-14T12:09:47.871059,
100x150,самоклеючий папір з надсічками,1+0,ламінація глянцева,без порізки,2000,4801 ₴,4801,2026-04-14T12:09:47.554129,
100x150,самоклеючий папір з надсічками,1+0,ламінація глянцева,порізка,2000,4932 ₴,4932,2026-04-14T12:09:47.555071,
100x150,самоклеючий папір з надсічками,1+0,soft touch,плоттер,1,58 ₴,58,2026-04-14T12:09:49.971271,
100x150,самоклеючий папір з надсічками,1+0,ламінація матова,без порізки,50000,121372 ₴,121372,2026-04-14T12:09:48.914276,
100x150,самоклеючий папір з надсічками,1+0,soft touch,плоттер,3,58 ₴,58,2026-04-14T12:09:51.334554,
100x150,самоклеючий папір з надсічками,1+0,ламінація глянцева,порізка,2500,6151 ₴,6151,2026-04-14T12:09:50.258957,
100x150,самоклеючий папір з надсічками,1+0,ламінація глянцева,без порізки,2500,5980 ₴,5980,2026-04-14T12:09:50.258056,
100x150,самоклеючий папір з надсічками,1+0,soft touch,плоттер,5,89 ₴,89,2026-04-14T12:09:52.697309,
100x150,самоклеючий папір з надсічками,1+0,soft touch,плоттер,10,121 ₴,121,2026-04-14T12:09:54.061632,
100x150,самоклеючий папір з надсічками,1+0,ламінація глянцева,без порізки,5000,11874 ₴,11874,2026-04-14T12:09:53.365025,
100x150,самоклеючий папір з надсічками,1+0,ламінація глянцева,порізка,5000,12203 ₴,12203,2026-04-14T12:09:53.364029,
100x150,самоклеючий папір з надсічками,1+0,без оздоблення,плоттер,1,30 ₴,30,2026-04-14T12:09:53.703013,
100x150,самоклеючий папір з надсічками,1+0,soft touch,плоттер,15,152 ₴,152,2026-04-14T12:09:55.422439,
100x150,самоклеючий папір з надсічками,1+0,ламінація глянцева,порізка,10000,24363 ₴,24363,2026-04-14T12:09:55.448434,
100x150,самоклеючий папір з надсічками,1+0,ламінація глянцева,без порізки,10000,23706 ₴,23706,2026-04-14T12:09:55.447488,
100x150,самоклеючий папір з надсічками,1+0,soft touch,плоттер,20,183 ₴,183,2026-04-14T12:09:56.786714,
100x150,самоклеючий папір з надсічками,1+0,без оздоблення,плоттер,3,30 ₴,30,2026-04-14T12:09:56.724057,
100x150,самоклеючий папір з надсічками,1+0,soft touch,плоттер,25,245 ₴,245,2026-04-14T12:09:58.148151,
100x150,самоклеючий папір з надсічками,1+0,ламінація глянцева,порізка,25000,60844 ₴,60844,2026-04-14T12:09:57.799299,
100x150,самоклеючий папір з надсічками,1+0,ламінація глянцева,без порізки,25000,59201 ₴,59201,2026-04-14T12:09:57.804244,
100x150,самоклеючий папір з надсічками,1+0,soft touch,плоттер,50,431 ₴,431,2026-04-14T12:09:59.506208,
100x150,самоклеючий папір з надсічками,1+0,без оздоблення,плоттер,5,46 ₴,46,2026-04-14T12:09:59.082429,
100x150,самоклеючий папір з надсічками,1+0,soft touch,плоттер,100,802 ₴,802,2026-04-14T12:10:00.868172,
100x150,самоклеючий папір з надсічками,1+0,ламінація глянцева,без порізки,50000,118359 ₴,118359,2026-04-14T12:10:00.522496,
100x150,самоклеючий папір з надсічками,1+0,ламінація глянцева,порізка,50000,121644 ₴,121644,2026-04-14T12:10:00.521583,
100x150,самоклеючий папір з надсічками,1+0,soft touch,плоттер,150,1189 ₴,1189,2026-04-14T12:10:02.223242,
100x150,самоклеючий папір з надсічками,1+0,без оздоблення,плоттер,10,61 ₴,61,2026-04-14T12:10:01.878747,
100x150,самоклеючий папір з надсічками,1+0,soft touch,плоттер,200,1546 ₴,1546,2026-04-14T12:10:03.579490,
100x150,самоклеючий папір з надсічками,1+0,soft touch,плоттер,250,1933 ₴,1933,2026-04-14T12:10:04.931830,
100x150,самоклеючий папір з надсічками,1+0,без оздоблення,плоттер,15,77 ₴,77,2026-04-14T12:10:04.590759,
100x150,самоклеючий папір з надсічками,1+0,soft touch,плоттер,300,2289 ₴,2289,2026-04-14T12:10:06.290756,
100x150,самоклеючий папір з надсічками,1+0,soft touch,плоттер,500,3772 ₴,3772,2026-04-14T12:10:07.651990,
100x150,самоклеючий папір з надсічками,1+0,ламінація матова,плоттер,1,53 ₴,53,2026-04-14T12:10:06.653239,
100x150,самоклеючий папір з надсічками,1+0,ламінація глянцева,плоттер,1,52 ₴,52,2026-04-14T12:10:06.653882,
100x150,самоклеючий папір з надсічками,1+0,без оздоблення,плоттер,20,93 ₴,93,2026-04-14T12:10:07.304876,
100x150,самоклеючий папір з надсічками,1+0,soft touch,плоттер,1000,7455 ₴,7455,2026-04-14T12:10:09.010013,
100x150,самоклеючий папір з надсічками,1+0,ламінація глянцева,плоттер,3,52 ₴,52,2026-04-14T12:10:09.032881,
100x150,самоклеючий папір з надсічками,1+0,ламінація матова,плоттер,3,53 ₴,53,2026-04-14T12:10:09.031932,
100x150,самоклеючий папір з надсічками,1+0,soft touch,плоттер,1200,8919 ₴,8919,2026-04-14T12:10:10.371207,
100x150,самоклеючий папір з надсічками,1+0,без оздоблення,плоттер,25,125 ₴,125,2026-04-14T12:10:10.039958,
100x150,самоклеючий папір з надсічками,1+0,soft touch,плоттер,1500,11115 ₴,11115,2026-04-14T12:10:11.729391,
100x150,самоклеючий папір з надсічками,1+0,ламінація матова,плоттер,5,78 ₴,78,2026-04-14T12:10:11.382280,
100x150,самоклеючий папір з надсічками,1+0,ламінація глянцева,плоттер,5,77 ₴,77,2026-04-14T12:10:11.381181,
100x150,самоклеючий папір з надсічками,1+0,soft touch,плоттер,1700,12590 ₴,12590,2026-04-14T12:10:13.088622,
100x150,самоклеючий папір з надсічками,1+0,без оздоблення,плоттер,50,220 ₴,220,2026-04-14T12:10:12.741754,
100x150,самоклеючий папір з надсічками,1+0,soft touch,плоттер,2000,14802 ₴,14802,2026-04-14T12:10:14.463995,
100x150,самоклеючий папір з надсічками,1+0,ламінація матова,плоттер,10,103 ₴,103,2026-04-14T12:10:14.120009,
100x150,самоклеючий папір з надсічками,1+0,ламінація глянцева,плоттер,10,101 ₴,101,2026-04-14T12:10:14.120904,
100x150,самоклеючий папір з надсічками,1+0,soft touch,плоттер,2500,18489 ₴,18489,2026-04-14T12:10:15.818216,
100x150,самоклеючий папір з надсічками,1+0,без оздоблення,плоттер,100,409 ₴,409,2026-04-14T12:10:15.473418,
100x150,самоклеючий папір з надсічками,1+0,soft touch,плоттер,5000,36921 ₴,36921,2026-04-14T12:10:17.165231,
100x150,самоклеючий папір з надсічками,1+0,ламінація матова,плоттер,15,128 ₴,128,2026-04-14T12:10:16.847948,
100x150,самоклеючий папір з надсічками,1+0,ламінація глянцева,плоттер,15,126 ₴,126,2026-04-14T12:10:16.848860,
100x150,самоклеючий папір з надсічками,1+0,soft touch,плоттер,10000,73787 ₴,73787,2026-04-14T12:10:18.521782,
100x150,самоклеючий папір з надсічками,1+0,без оздоблення,плоттер,150,599 ₴,599,2026-04-14T12:10:18.208608,
100x150,самоклеючий папір з надсічками,1+0,soft touch,плоттер,25000,184384 ₴,184384,2026-04-14T12:10:19.881975,
100x150,самоклеючий папір з надсічками,1+0,ламінація матова,плоттер,20,153 ₴,153,2026-04-14T12:10:19.551970,
100x150,самоклеючий папір з надсічками,1+0,ламінація глянцева,плоттер,20,151 ₴,151,2026-04-14T12:10:19.552915,
100x150,самоклеючий папір з надсічками,1+0,soft touch,плоттер,50000,368712 ₴,368712,2026-04-14T12:10:21.246238,
100x150,самоклеючий папір з надсічками,1+0,без оздоблення,плоттер,200,774 ₴,774,2026-04-14T12:10:20.895909,
100x150,самоклеючий папір з надсічками,без друку,ламінація глянцева,порізка,1,85 ₴,85,2026-04-14T12:10:23.633721,
100x150,самоклеючий папір з надсічками,1+0,ламінація глянцева,плоттер,25,200 ₴,200,2026-04-14T12:10:22.276596,
100x150,самоклеючий папір з надсічками,1+0,ламінація матова,плоттер,25,203 ₴,203,2026-04-14T12:10:22.275626,
100x150,самоклеючий папір з надсічками,без друку,ламінація глянцева,порізка,3,85 ₴,85,2026-04-14T12:10:24.990228,
100x150,самоклеючий папір з надсічками,1+0,без оздоблення,плоттер,250,963 ₴,963,2026-04-14T12:10:23.630326,
100x150,самоклеючий папір з надсічками,1+0,ламінація глянцева,плоттер,50,348 ₴,348,2026-04-14T12:10:24.995611,
100x150,самоклеючий папір з надсічками,1+0,ламінація матова,плоттер,50,354 ₴,354,2026-04-14T12:10:24.996587,
100x150,самоклеючий папір з надсічками,без друку,ламінація глянцева,порізка,5,85 ₴,85,2026-04-14T12:10:26.349355,
100x150,самоклеючий папір з надсічками,без друку,ламінація глянцева,порізка,10,103 ₴,103,2026-04-14T12:10:27.707443,
100x150,самоклеючий папір з надсічками,1+0,без оздоблення,плоттер,300,1138 ₴,1138,2026-04-14T12:10:26.649272,
100x150,самоклеючий папір з надсічками,1+0,ламінація матова,плоттер,100,654 ₴,654,2026-04-14T12:10:27.378139,
100x150,самоклеючий папір з надсічками,1+0,ламінація глянцева,плоттер,100,642 ₴,642,2026-04-14T12:10:27.377259,
100x150,самоклеючий папір з надсічками,без друку,ламінація глянцева,порізка,15,103 ₴,103,2026-04-14T12:10:29.065733,
100x150,самоклеючий папір з надсічками,без друку,ламінація глянцева,порізка,20,122 ₴,122,2026-04-14T12:10:30.425147,
100x150,самоклеючий папір з надсічками,1+0,без оздоблення,плоттер,500,1861 ₴,1861,2026-04-14T12:10:29.727966,
100x150,самоклеючий папір з надсічками,1+0,ламінація глянцева,плоттер,150,947 ₴,947,2026-04-14T12:10:30.092263,
100x150,самоклеючий папір з надсічками,1+0,ламінація матова,плоттер,150,965 ₴,965,2026-04-14T12:10:30.091350,
100x150,самоклеючий папір з надсічками,без друку,ламінація глянцева,порізка,25,140 ₴,140,2026-04-14T12:10:31.779600,
100x150,самоклеючий папір з надсічками,1+0,без оздоблення,плоттер,1000,3647 ₴,3647,2026-04-14T12:10:31.805143,
100x150,самоклеючий папір з надсічками,без друку,ламінація глянцева,порізка,50,195 ₴,195,2026-04-14T12:10:33.127787,
100x150,самоклеючий папір з надсічками,1+0,ламінація глянцева,плоттер,200,1227 ₴,1227,2026-04-14T12:10:32.810235,
100x150,самоклеючий папір з надсічками,1+0,ламінація матова,плоттер,200,1252 ₴,1252,2026-04-14T12:10:32.811206,
100x150,самоклеючий папір з надсічками,без друку,ламінація глянцева,порізка,100,304 ₴,304,2026-04-14T12:10:34.492669,
100x150,самоклеючий папір з надсічками,1+0,без оздоблення,плоттер,1200,4353 ₴,4353,2026-04-14T12:10:34.144292,
100x150,самоклеючий папір з надсічками,без друку,ламінація глянцева,порізка,150,414 ₴,414,2026-04-14T12:10:35.849842,
100x150,самоклеючий папір з надсічками,1+0,ламінація матова,плоттер,250,1562 ₴,1562,2026-04-14T12:10:35.507492,
100x150,самоклеючий папір з надсічками,1+0,ламінація глянцева,плоттер,250,1531 ₴,1531,2026-04-14T12:10:35.501358,
100x150,самоклеючий папір з надсічками,без друку,ламінація глянцева,порізка,200,523 ₴,523,2026-04-14T12:10:37.211971,
100x150,самоклеючий папір з надсічками,1+0,без оздоблення,плоттер,1500,5411 ₴,5411,2026-04-14T12:10:36.879883,
100x150,самоклеючий папір з надсічками,без друку,ламінація глянцева,порізка,250,651 ₴,651,2026-04-14T12:10:38.571921,
100x150,самоклеючий папір з надсічками,1+0,ламінація матова,плоттер,300,1847 ₴,1847,2026-04-14T12:10:38.240499,
100x150,самоклеючий папір з надсічками,1+0,ламінація глянцева,плоттер,300,1811 ₴,1811,2026-04-14T12:10:38.241298,
100x150,самоклеючий папір з надсічками,без друку,ламінація глянцева,порізка,300,760 ₴,760,2026-04-14T12:10:39.934117,
100x150,самоклеючий папір з надсічками,1+0,без оздоблення,плоттер,1700,6126 ₴,6126,2026-04-14T12:10:39.586264,
100x150,самоклеючий папір з надсічками,без друку,ламінація глянцева,порізка,500,1217 ₴,1217,2026-04-14T12:10:41.296483,
100x150,самоклеючий папір з надсічками,1+0,ламінація матова,плоттер,500,3035 ₴,3035,2026-04-14T12:10:40.949892,
100x150,самоклеючий папір з надсічками,1+0,ламінація глянцева,плоттер,500,2975 ₴,2975,2026-04-14T12:10:40.951085,
100x150,самоклеючий папір з надсічками,без друку,ламінація глянцева,порізка,1000,2361 ₴,2361,2026-04-14T12:10:42.653923,
100x150,самоклеючий папір з надсічками,1+0,без оздоблення,плоттер,2000,7200 ₴,7200,2026-04-14T12:10:42.311572,
100x150,самоклеючий папір з надсічками,без друку,ламінація глянцева,порізка,1200,2830 ₴,2830,2026-04-14T12:10:44.013647,
100x150,самоклеючий папір з надсічками,1+0,ламінація глянцева,плоттер,1000,5862 ₴,5862,2026-04-14T12:10:43.680949,
100x150,самоклеючий папір з надсічками,1+0,ламінація матова,плоттер,1000,5982 ₴,5982,2026-04-14T12:10:43.680117,
100x150,самоклеючий папір з надсічками,без друку,ламінація глянцева,порізка,1500,3550 ₴,3550,2026-04-14T12:10:45.376668,
100x150,самоклеючий папір з надсічками,1+0,без оздоблення,плоттер,2500,8989 ₴,8989,2026-04-14T12:10:45.043349,
100x150,самоклеючий папір з надсічками,без друку,ламінація глянцева,порізка,1700,4019 ₴,4019,2026-04-14T12:10:46.734185,
100x150,самоклеючий папір з надсічками,1+0,ламінація глянцева,плоттер,1200,7007 ₴,7007,2026-04-14T12:10:46.386150,
100x150,самоклеючий папір з надсічками,1+0,ламінація матова,плоттер,1200,7152 ₴,7152,2026-04-14T12:10:46.387066,
100x150,самоклеючий папір з надсічками,без друку,ламінація глянцева,порізка,2000,4707 ₴,4707,2026-04-14T12:10:48.097771,
100x150,самоклеючий папір з надсічками,1+0,без оздоблення,плоттер,5000,17937 ₴,17937,2026-04-14T12:10:47.764074,
100x150,самоклеючий папір з надсічками,без друку,ламінація глянцева,порізка,2500,5897 ₴,5897,2026-04-14T12:10:49.450057,
100x150,самоклеючий папір з надсічками,1+0,ламінація матова,плоттер,1500,8906 ₴,8906,2026-04-14T12:10:49.117958,
100x150,самоклеючий папір з надсічками,1+0,ламінація глянцева,плоттер,1500,8725 ₴,8725,2026-04-14T12:10:49.116904,
100x150,самоклеючий папір з надсічками,без друку,ламінація глянцева,порізка,5000,11748 ₴,11748,2026-04-14T12:10:50.807609,
100x150,самоклеючий папір з надсічками,1+0,без оздоблення,плоттер,10000,35831 ₴,35831,2026-04-14T12:10:50.475981,
100x150,самоклеючий папір з надсічками,без друку,ламінація глянцева,порізка,10000,23482 ₴,23482,2026-04-14T12:10:52.166351,
100x150,самоклеючий папір з надсічками,1+0,ламінація матова,плоттер,1700,10086 ₴,10086,2026-04-14T12:10:51.817638,
100x150,самоклеючий папір з надсічками,1+0,ламінація глянцева,плоттер,1700,9881 ₴,9881,2026-04-14T12:10:51.823523,
100x150,самоклеючий папір з надсічками,без друку,ламінація глянцева,порізка,25000,58684 ₴,58684,2026-04-14T12:10:53.527039,
100x150,самоклеючий папір з надсічками,1+0,без оздоблення,плоттер,25000,89514 ₴,89514,2026-04-14T12:10:53.194101,
100x150,самоклеючий папір з надсічками,без друку,ламінація глянцева,порізка,50000,117354 ₴,117354,2026-04-14T12:10:54.886697,
100x150,самоклеючий папір з надсічками,1+0,ламінація матова,плоттер,2000,11856 ₴,11856,2026-04-14T12:10:54.543835,
100x150,самоклеючий папір з надсічками,1+0,ламінація глянцева,плоттер,2000,11615 ₴,11615,2026-04-14T12:10:54.544719,
100x150,самоклеючий папір з надсічками,без друку,ламінація матова,плоттер,1,50 ₴,50,2026-04-14T12:10:56.989003,
100x150,самоклеючий папір з надсічками,1+0,без оздоблення,плоттер,50000,178985 ₴,178985,2026-04-14T12:10:55.901957,
100x150,самоклеючий папір з надсічками,без друку,ламінація матова,плоттер,3,50 ₴,50,2026-04-14T12:10:58.365994,
100x150,самоклеючий папір з надсічками,1+0,ламінація глянцева,плоттер,2500,14505 ₴,14505,2026-04-14T12:10:57.274654,
100x150,самоклеючий папір з надсічками,1+0,ламінація матова,плоттер,2500,14806 ₴,14806,2026-04-14T12:10:57.273922,
100x150,самоклеючий папір з надсічками,без друку,ламінація матова,плоттер,5,73 ₴,73,2026-04-14T12:10:59.724018,
100x150,самоклеючий папір з надсічками,без друку,ламінація матова,плоттер,10,96 ₴,96,2026-04-14T12:11:01.083486,
100x150,самоклеючий папір з надсічками,1+0,ламінація матова,плоттер,5000,29556 ₴,29556,2026-04-14T12:11:00.292261,
100x150,самоклеючий папір з надсічками,1+0,ламінація глянцева,плоттер,5000,28954 ₴,28954,2026-04-14T12:11:00.291492,
100x150,самоклеючий папір з надсічками,без друку,ламінація матова,плоттер,15,119 ₴,119,2026-04-14T12:11:02.442755,
100x150,самоклеючий папір з надсічками,1+0,ламінація матова,плоттер,10000,59057 ₴,59057,2026-04-14T12:11:02.468675,
100x150,самоклеючий папір з надсічками,1+0,ламінація глянцева,плоттер,10000,57852 ₴,57852,2026-04-14T12:11:02.469566,
100x150,самоклеючий папір з надсічками,без друку,ламінація матова,плоттер,20,142 ₴,142,2026-04-14T12:11:03.803732,
100x150,самоклеючий папір з надсічками,без друку,ламінація матова,плоттер,25,188 ₴,188,2026-04-14T12:11:05.154213,
100x150,самоклеючий папір з надсічками,без друку,без оздоблення,без порізки,1,No price,,2026-04-14T12:11:02.734671,
100x150,самоклеючий папір з надсічками,1+0,ламінація глянцева,плоттер,25000,144545 ₴,144545,2026-04-14T12:11:04.822455,
100x150,самоклеючий папір з надсічками,1+0,ламінація матова,плоттер,25000,147559 ₴,147559,2026-04-14T12:11:04.821517,
100x150,самоклеючий папір з надсічками,без друку,ламінація матова,плоттер,50,325 ₴,325,2026-04-14T12:11:06.516713,
100x150,самоклеючий папір з надсічками,без друку,ламінація матова,плоттер,100,600 ₴,600,2026-04-14T12:11:07.865439,
100x150,самоклеючий папір з надсічками,1+0,ламінація матова,плоттер,50000,295061 ₴,295061,2026-04-14T12:11:07.548671,
100x150,самоклеючий папір з надсічками,1+0,ламінація глянцева,плоттер,50000,289035 ₴,289035,2026-04-14T12:11:07.547682,
100x150,самоклеючий папір з надсічками,без друку,без оздоблення,без порізки,3,No price,,2026-04-14T12:11:06.689011,
100x150,самоклеючий папір з надсічками,без друку,ламінація матова,плоттер,150,898 ₴,898,2026-04-14T12:11:09.227594,
100x150,самоклеючий папір з надсічками,без друку,ламінація матова,плоттер,200,1173 ₴,1173,2026-04-14T12:11:10.589221,
100x150,самоклеючий папір з надсічками,без друку,ламінація матова,плоттер,250,1471 ₴,1471,2026-04-14T12:11:11.951552,
100x150,самоклеючий папір з надсічками,без друку,без оздоблення,без порізки,5,No price,,2026-04-14T12:11:10.558690,
100x150,самоклеючий папір з надсічками,без друку,ламінація матова,плоттер,300,1746 ₴,1746,2026-04-14T12:11:13.313791,
100x150,самоклеючий папір з надсічками,без друку,ламінація матова,плоттер,500,2892 ₴,2892,2026-04-14T12:11:14.671368,
100x150,самоклеючий папір з надсічками,без друку,ламінація матова,без порізки,1,33 ₴,33,2026-04-14T12:11:13.687401,
100x150,самоклеючий папір з надсічками,без друку,ламінація матова,плоттер,1000,5757 ₴,5757,2026-04-14T12:11:16.028326,
100x150,самоклеючий папір з надсічками,без друку,ламінація матова,порізка,1,86 ₴,86,2026-04-14T12:11:15.034866,
100x150,самоклеючий папір з надсічками,без друку,без оздоблення,без порізки,10,No price,,2026-04-14T12:11:14.432032,
100x150,самоклеючий папір з надсічками,без друку,ламінація матова,без порізки,3,33 ₴,33,2026-04-14T12:11:16.053779,
100x150,самоклеючий папір з надсічками,без друку,ламінація матова,плоттер,1200,6903 ₴,6903,2026-04-14T12:11:17.391174,
100x150,самоклеючий папір з надсічками,без друку,ламінація матова,порізка,3,86 ₴,86,2026-04-14T12:11:17.414816,
100x150,самоклеючий папір з надсічками,без друку,ламінація матова,плоттер,1500,8622 ₴,8622,2026-04-14T12:11:18.752910,
100x150,самоклеючий папір з надсічками,без друку,ламінація матова,без порізки,5,33 ₴,33,2026-04-14T12:11:18.419425,
100x150,самоклеючий папір з надсічками,без друку,ламінація матова,плоттер,1700,9768 ₴,9768,2026-04-14T12:11:20.111117,
100x150,самоклеючий папір з надсічками,без друку,без оздоблення,без порізки,15,No price,,2026-04-14T12:11:18.292541,
100x150,самоклеючий папір з надсічками,без друку,ламінація матова,порізка,5,86 ₴,86,2026-04-14T12:11:19.780082,
100x150,самоклеючий папір з надсічками,без друку,ламінація матова,плоттер,2000,11487 ₴,11487,2026-04-14T12:11:21.470617,
100x150,самоклеючий папір з надсічками,без друку,ламінація матова,без порізки,10,51 ₴,51,2026-04-14T12:11:21.139860,
100x150,самоклеючий папір з надсічками,без друку,ламінація матова,плоттер,2500,14352 ₴,14352,2026-04-14T12:11:22.828142,
100x150,самоклеючий папір з надсічками,без друку,ламінація матова,порізка,10,104 ₴,104,2026-04-14T12:11:22.498210,
100x150,самоклеючий папір з надсічками,без друку,ламінація матова,плоттер,5000,28676 ₴,28676,2026-04-14T12:11:24.184749,
100x150,самоклеючий папір з надсічками,без друку,без оздоблення,без порізки,20,No price,,2026-04-14T12:11:22.291890,
100x150,самоклеючий папір з надсічками,без друку,ламінація матова,без порізки,15,51 ₴,51,2026-04-14T12:11:23.838058,
100x150,самоклеючий папір з надсічками,без друку,ламінація матова,плоттер,10000,57324 ₴,57324,2026-04-14T12:11:25.540209,
100x150,самоклеючий папір з надсічками,без друку,ламінація матова,порізка,15,104 ₴,104,2026-04-14T12:11:25.210367,
100x150,самоклеючий папір з надсічками,без друку,ламінація матова,плоттер,25000,143268 ₴,143268,2026-04-14T12:11:26.892126,
100x150,самоклеючий папір з надсічками,без друку,ламінація матова,без порізки,20,70 ₴,70,2026-04-14T12:11:26.560488,
100x150,самоклеючий папір з надсічками,без друку,ламінація матова,плоттер,50000,286509 ₴,286509,2026-04-14T12:11:28.243598,
100x150,самоклеючий папір з надсічками,без друку,без оздоблення,без порізки,25,No price,,2026-04-14T12:11:26.355849,
100x150,самоклеючий папір з надсічками,без друку,ламінація матова,порізка,20,123 ₴,123,2026-04-14T12:11:27.899479,
100x150,самоклеючий папір з надсічками,без друку,ламінація матова,без порізки,25,89 ₴,89,2026-04-14T12:11:29.263733,
100x150,самоклеючий папір з надсічками,без друку,ламінація матова,без порізки,50,145 ₴,145,2026-04-14T12:11:30.966022,
100x150,самоклеючий папір з надсічками,без друку,ламінація матова,порізка,25,142 ₴,142,2026-04-14T12:11:30.618258,
100x150,самоклеючий папір з надсічками,без друку,ламінація матова,без порізки,100,257 ₴,257,2026-04-14T12:11:32.326318,
100x150,самоклеючий папір з надсічками,без друку,без оздоблення,без порізки,50,No price,,2026-04-14T12:11:30.428847,
100x150,самоклеючий папір з надсічками,без друку,ламінація матова,без порізки,150,370 ₴,370,2026-04-14T12:11:33.689372,
100x150,самоклеючий папір з надсічками,без друку,ламінація матова,порізка,50,198 ₴,198,2026-04-14T12:11:33.342402,
100x150,самоклеючий папір з надсічками,без друку,ламінація матова,без порізки,200,482 ₴,482,2026-04-14T12:11:35.052258,
100x150,самоклеючий папір з надсічками,без друку,ламінація матова,без порізки,250,613 ₴,613,2026-04-14T12:11:36.413389,
100x150,самоклеючий папір з надсічками,без друку,без оздоблення,без порізки,100,No price,,2026-04-14T12:11:34.496538,
100x150,самоклеючий папір з надсічками,без друку,ламінація матова,порізка,100,310 ₴,310,2026-04-14T12:11:36.078077,
100x150,самоклеючий папір з надсічками,без друку,ламінація матова,без порізки,300,726 ₴,726,2026-04-14T12:11:37.773926,
100x150,самоклеючий папір з надсічками,без друку,ламінація матова,без порізки,500,1194 ₴,1194,2026-04-14T12:11:39.126255,
100x150,самоклеючий папір з надсічками,без друку,ламінація матова,порізка,150,423 ₴,423,2026-04-14T12:11:38.792319,
100x150,самоклеючий папір з надсічками,без друку,ламінація матова,без порізки,1000,2355 ₴,2355,2026-04-14T12:11:40.490003,
100x150,самоклеючий папір з надсічками,без друку,без оздоблення,без порізки,150,No price,,2026-04-14T12:11:38.569186,
100x150,самоклеючий папір з надсічками,без друку,ламінація матова,без порізки,1200,2824 ₴,2824,2026-04-14T12:11:41.857173,
100x150,самоклеючий папір з надсічками,без друку,ламінація матова,порізка,200,535 ₴,535,2026-04-14T12:11:41.521516,
100x150,самоклеючий папір з надсічками,без друку,ламінація матова,без порізки,1500,3535 ₴,3535,2026-04-14T12:11:43.216058,
100x150,самоклеючий папір з надсічками,без друку,ламінація матова,без порізки,1700,4004 ₴,4004,2026-04-14T12:11:44.576685,
100x150,самоклеючий папір з надсічками,без друку,без оздоблення,без порізки,200,No price,,2026-04-14T12:11:42.645692,
100x150,самоклеючий папір з надсічками,без друку,ламінація матова,порізка,250,666 ₴,666,2026-04-14T12:11:44.244676,
100x150,самоклеючий папір з надсічками,без друку,ламінація матова,без порізки,2000,4697 ₴,4697,2026-04-14T12:11:45.923082,
100x150,самоклеючий папір з надсічками,без друку,ламінація матова,без порізки,2500,5877 ₴,5877,2026-04-14T12:11:47.281601,
100x150,самоклеючий папір з надсічками,без друку,ламінація матова,порізка,300,779 ₴,779,2026-04-14T12:11:46.948128,
100x150,самоклеючий папір з надсічками,без друку,ламінація матова,без порізки,5000,11721 ₴,11721,2026-04-14T12:11:48.641063,
100x150,самоклеючий папір з надсічками,без друку,без оздоблення,без порізки,250,No price,,2026-04-14T12:11:46.759860,
100x150,самоклеючий папір з надсічками,без друку,ламінація матова,без порізки,10000,23428 ₴,23428,2026-04-14T12:11:49.999399,
100x150,самоклеючий папір з надсічками,без друку,ламінація матова,порізка,500,1247 ₴,1247,2026-04-14T12:11:49.680330,
100x150,самоклеючий папір з надсічками,без друку,ламінація матова,без порізки,25000,58548 ₴,58548,2026-04-14T12:11:51.359054,
100x150,самоклеючий папір з надсічками,без друку,ламінація матова,без порізки,50000,117082 ₴,117082,2026-04-14T12:11:52.718060,
100x150,самоклеючий папір з надсічками,без друку,без оздоблення,без порізки,300,No price,,2026-04-14T12:11:50.821576,
100x150,самоклеючий папір з надсічками,без друку,ламінація матова,порізка,1000,2421 ₴,2421,2026-04-14T12:11:52.369806,
100x150,самоклеючий папір з надсічками,без друку,без оздоблення,плоттер,1,28 ₴,28,2026-04-14T12:11:54.433171,
100x150,самоклеючий папір з надсічками,без друку,без оздоблення,плоттер,3,28 ₴,28,2026-04-14T12:11:55.786024,
100x150,самоклеючий папір з надсічками,без друку,ламінація матова,порізка,1200,2903 ₴,2903,2026-04-14T12:11:55.092112,
100x150,самоклеючий папір з надсічками,без друку,без оздоблення,плоттер,5,41 ₴,41,2026-04-14T12:11:57.143296,
100x150,самоклеючий папір з надсічками,без друку,без оздоблення,без порізки,500,No price,,2026-04-14T12:11:54.871569,
100x150,самоклеючий папір з надсічками,без друку,ламінація матова,порізка,1500,3640 ₴,3640,2026-04-14T12:11:57.159796,
100x150,самоклеючий папір з надсічками,без друку,без оздоблення,плоттер,10,55 ₴,55,2026-04-14T12:11:58.507279,
100x150,самоклеючий папір з надсічками,без друку,без оздоблення,плоттер,15,69 ₴,69,2026-04-14T12:11:59.865956,
100x150,самоклеючий папір з надсічками,без друку,ламінація матова,порізка,1700,4122 ₴,4122,2026-04-14T12:11:59.517902,
100x150,самоклеючий папір з надсічками,без друку,без оздоблення,плоттер,20,82 ₴,82,2026-04-14T12:12:01.217376,
100x150,самоклеючий папір з надсічками,без друку,без оздоблення,без порізки,1000,No price,,2026-04-14T12:11:58.995278,
100x150,самоклеючий папір з надсічками,без друку,без оздоблення,плоттер,25,109 ₴,109,2026-04-14T12:12:02.572328,
100x150,самоклеючий папір з надсічками,без друку,ламінація матова,порізка,2000,4828 ₴,4828,2026-04-14T12:12:02.243485,
100x150,самоклеючий папір з надсічками,без друку,без оздоблення,плоттер,50,191 ₴,191,2026-04-14T12:12:03.932461,
100x150,самоклеючий папір з надсічками,без друку,без оздоблення,плоттер,100,355 ₴,355,2026-04-14T12:12:05.307135,
100x150,самоклеючий папір з надсічками,без друку,без оздоблення,без порізки,1200,No price,,2026-04-14T12:12:02.855638,
100x150,самоклеючий папір з надсічками,без друку,ламінація матова,порізка,2500,6048 ₴,6048,2026-04-14T12:12:04.944931,
100x150,самоклеючий папір з надсічками,без друку,без оздоблення,плоттер,150,532 ₴,532,2026-04-14T12:12:06.664129,
100x150,самоклеючий папір з надсічками,без друку,без оздоблення,плоттер,200,696 ₴,696,2026-04-14T12:12:08.019751,
100x150,самоклеючий папір з надсічками,без друку,ламінація матова,порізка,5000,12050 ₴,12050,2026-04-14T12:12:07.691316,
100x150,самоклеючий папір з надсічками,без друку,без оздоблення,без порізки,1500,No price,,2026-04-14T12:12:06.726515,
100x150,самоклеючий папір з надсічками,без друку,без оздоблення,плоттер,250,873 ₴,873,2026-04-14T12:12:09.380083,
100x150,самоклеючий папір з надсічками,без друку,без оздоблення,плоттер,300,1036 ₴,1036,2026-04-14T12:12:10.746013,
100x150,самоклеючий папір з надсічками,без друку,ламінація матова,порізка,10000,24085 ₴,24085,2026-04-14T12:12:10.398010,
100x150,самоклеючий папір з надсічками,без друку,без оздоблення,плоттер,500,1718 ₴,1718,2026-04-14T12:12:12.102271,
100x150,самоклеючий папір з надсічками,без друку,без оздоблення,без порізки,1700,No price,,2026-04-14T12:12:10.587783,
100x150,самоклеючий папір з надсічками,без друку,без оздоблення,плоттер,1000,3422 ₴,3422,2026-04-14T12:12:13.451849,
100x150,самоклеючий папір з надсічками,без друку,ламінація матова,порізка,25000,60191 ₴,60191,2026-04-14T12:12:13.119384,
100x150,самоклеючий папір з надсічками,без друку,без оздоблення,плоттер,1200,4104 ₴,4104,2026-04-14T12:12:14.805404,
100x150,самоклеючий папір з надсічками,без друку,без оздоблення,плоттер,1500,5127 ₴,5127,2026-04-14T12:12:16.163407,
100x150,самоклеючий папір з надсічками,без друку,без оздоблення,без порізки,2000,No price,,2026-04-14T12:12:14.459697,
100x150,самоклеючий папір з надсічками,без друку,ламінація матова,порізка,50000,120367 ₴,120367,2026-04-14T12:12:15.850711,
100x150,самоклеючий папір з надсічками,без друку,без оздоблення,плоттер,1700,5808 ₴,5808,2026-04-14T12:12:17.527790,
100x150,самоклеючий папір з надсічками,без друку,без оздоблення,плоттер,2000,6831 ₴,6831,2026-04-14T12:12:18.880340,
100x150,самоклеючий папір з надсічками,без друку,без оздоблення,плоттер,2500,8535 ₴,8535,2026-04-14T12:12:20.243047,
100x150,самоклеючий папір з надсічками,без друку,без оздоблення,без порізки,2500,No price,,2026-04-14T12:12:18.361958,
100x150,самоклеючий папір з надсічками,без друку,без оздоблення,плоттер,5000,17056 ₴,17056,2026-04-14T12:12:21.599903,
100x150,самоклеючий папір з надсічками,без друку,без оздоблення,плоттер,10000,34098 ₴,34098,2026-04-14T12:12:22.962358,
100x150,самоклеючий папір з надсічками,без друку,soft touch,без порізки,1,39 ₴,39,2026-04-14T12:12:21.961071,
100x150,самоклеючий папір з надсічками,без друку,без оздоблення,плоттер,25000,85223 ₴,85223,2026-04-14T12:12:24.319724,
100x150,самоклеючий папір з надсічками,без друку,без оздоблення,без порізки,5000,No price,,2026-04-14T12:12:22.423961,
100x150,самоклеючий папір з надсічками,без друку,soft touch,без порізки,3,39 ₴,39,2026-04-14T12:12:24.348559,
100x150,самоклеючий папір з надсічками,без друку,без оздоблення,плоттер,50000,170432 ₴,170432,2026-04-14T12:12:25.678027,
100x150,самоклеючий папір з надсічками,без друку,soft touch,без порізки,5,39 ₴,39,2026-04-14T12:12:26.701253,
100x150,самоклеючий папір з надсічками,без друку,soft touch,без порізки,10,63 ₴,63,2026-04-14T12:12:28.411760,
100x150,самоклеючий папір з надсічками,без друку,без оздоблення,без порізки,10000,No price,,2026-04-14T12:12:26.494599,
100x150,самоклеючий папір з надсічками,без друку,soft touch,без порізки,15,63 ₴,63,2026-04-14T12:12:29.769881,
100x150,самоклеючий папір з надсічками,без друку,soft touch,без порізки,20,88 ₴,88,2026-04-14T12:12:31.116597,
100x150,самоклеючий папір з надсічками,без друку,soft touch,без порізки,25,112 ₴,112,2026-04-14T12:12:32.462462,
100x150,самоклеючий папір з надсічками,без друку,без оздоблення,без порізки,25000,No price,,2026-04-14T12:12:30.575567,
100x150,самоклеючий папір з надсічками,без друку,soft touch,без порізки,50,186 ₴,186,2026-04-14T12:12:33.823123,
100x150,самоклеючий папір з надсічками,без друку,soft touch,без порізки,100,334 ₴,334,2026-04-14T12:12:35.173413,
100x150,самоклеючий папір з надсічками,без друку,soft touch,без порізки,150,482 ₴,482,2026-04-14T12:12:36.538001,
100x150,самоклеючий папір з надсічками,без друку,без оздоблення,без порізки,50000,No price,,2026-04-14T12:12:34.679205,
100x150,самоклеючий папір з надсічками,без друку,soft touch,без порізки,200,630 ₴,630,2026-04-14T12:12:37.895394,
100x150,самоклеючий папір з надсічками,без друку,soft touch,без порізки,250,802 ₴,802,2026-04-14T12:12:39.257451,
100x150,самоклеючий папір з надсічками,без друку,soft touch,без порізки,300,950 ₴,950,2026-04-14T12:12:40.609559,
100x150,самоклеючий папір з надсічками,без друку,soft touch,без порізки,500,1565 ₴,1565,2026-04-14T12:12:41.970092,
100x150,самоклеючий папір з надсічками,без друку,soft touch,без порізки,1000,3092 ₴,3092,2026-04-14T12:12:43.349018,
100x150,самоклеючий папір з надсічками,без друку,soft touch,порізка,1,92 ₴,92,2026-04-14T12:12:42.253431,
100x150,самоклеючий папір з надсічками,без друку,soft touch,без порізки,1200,3707 ₴,3707,2026-04-14T12:12:44.707404,
100x150,самоклеючий папір з надсічками,без друку,soft touch,без порізки,1500,4643 ₴,4643,2026-04-14T12:12:46.071369,
100x150,самоклеючий папір з надсічками,без друку,soft touch,порізка,3,92 ₴,92,2026-04-14T12:12:45.390312,
100x150,самоклеючий папір з надсічками,без друку,soft touch,без порізки,1700,5259 ₴,5259,2026-04-14T12:12:47.431705,
100x150,самоклеючий папір з надсічками,без друку,soft touch,порізка,5,92 ₴,92,2026-04-14T12:12:47.455203,
100x150,самоклеючий папір з надсічками,без друку,soft touch,без порізки,2000,6170 ₴,6170,2026-04-14T12:12:48.795055,
100x150,самоклеючий папір з надсічками,без друку,soft touch,без порізки,2500,7721 ₴,7721,2026-04-14T12:12:50.156689,
100x150,самоклеючий папір з надсічками,без друку,soft touch,порізка,10,116 ₴,116,2026-04-14T12:12:49.807458,
100x150,самоклеючий папір з надсічками,без друку,soft touch,без порізки,5000,15403 ₴,15403,2026-04-14T12:12:51.515753,
100x150,самоклеючий папір з надсічками,без друку,soft touch,без порізки,10000,30793 ₴,30793,2026-04-14T12:12:52.877405,
100x150,самоклеючий папір з надсічками,без друку,soft touch,порізка,15,116 ₴,116,2026-04-14T12:12:52.545620,
100x150,самоклеючий папір з надсічками,без друку,soft touch,без порізки,25000,76961 ₴,76961,2026-04-14T12:12:54.239643,
100x150,самоклеючий папір з надсічками,без друку,soft touch,без порізки,50000,153907 ₴,153907,2026-04-14T12:12:55.602159,
100x150,самоклеючий папір з надсічками,без друку,soft touch,порізка,20,141 ₴,141,2026-04-14T12:12:55.254819,
100x150,самоклеючий папір з надсічками,без друку,soft touch,порізка,25,165 ₴,165,2026-04-14T12:12:57.993818,
100x150,самоклеючий папір з надсічками,без друку,soft touch,порізка,50,239 ₴,239,2026-04-14T12:12:59.341257,
100x150,самоклеючий папір з надсічками,без друку,soft touch,порізка,100,387 ₴,387,2026-04-14T12:13:00.699569,
100x150,самоклеючий папір з надсічками,без друку,soft touch,порізка,150,535 ₴,535,2026-04-14T12:13:02.064174,
100x150,самоклеючий папір з надсічками,без друку,soft touch,порізка,200,683 ₴,683,2026-04-14T12:13:03.425694,
100x150,самоклеючий папір з надсічками,без друку,soft touch,порізка,250,855 ₴,855,2026-04-14T12:13:04.781664,
100x150,самоклеючий папір з надсічками,без друку,soft touch,порізка,300,1003 ₴,1003,2026-04-14T12:13:06.143688,
100x150,самоклеючий папір з надсічками,без друку,soft touch,порізка,500,1618 ₴,1618,2026-04-14T12:13:07.503873,
100x150,самоклеючий папір з надсічками,без друку,soft touch,порізка,1000,3158 ₴,3158,2026-04-14T12:13:08.857619,
100x150,самоклеючий папір з надсічками,без друку,soft touch,порізка,1200,3786 ₴,3786,2026-04-14T12:13:10.217515,
100x150,самоклеючий папір з надсічками,без друку,soft touch,порізка,1500,4748 ₴,4748,2026-04-14T12:13:11.579700,
100x150,самоклеючий папір з надсічками,без друку,soft touch,порізка,1700,5377 ₴,5377,2026-04-14T12:13:12.933394,
100x150,самоклеючий папір з надсічками,без друку,soft touch,порізка,2000,6301 ₴,6301,2026-04-14T12:13:14.292146,
100x150,самоклеючий папір з надсічками,без друку,soft touch,порізка,2500,7892 ₴,7892,2026-04-14T12:13:15.651567,
100x150,самоклеючий папір з надсічками,без друку,soft touch,порізка,5000,15732 ₴,15732,2026-04-14T12:13:17.011927,
100x150,самоклеючий папір з надсічками,без друку,soft touch,порізка,10000,31450 ₴,31450,2026-04-14T12:13:18.373444,
100x150,самоклеючий папір з надсічками,без друку,soft touch,порізка,25000,78604 ₴,78604,2026-04-14T12:13:19.733540,
100x150,самоклеючий папір з надсічками,без друку,soft touch,порізка,50000,157192 ₴,157192,2026-04-14T12:13:21.095321,
100x150,самоклеючий папір з надсічками,без друку,soft touch,плоттер,1,56 ₴,56,2026-04-14T12:13:23.150192,
100x150,самоклеючий папір з надсічками,без друку,soft touch,плоттер,3,56 ₴,56,2026-04-14T12:13:24.519371,
100x150,самоклеючий папір з надсічками,без друку,soft touch,плоттер,5,85 ₴,85,2026-04-14T12:13:25.880607,
100x150,самоклеючий папір з надсічками,без друку,soft touch,плоттер,10,114 ₴,114,2026-04-14T12:13:27.228458,
100x150,самоклеючий папір з надсічками,без друку,soft touch,плоттер,15,143 ₴,143,2026-04-14T12:13:28.586181,
100x150,самоклеючий папір з надсічками,без друку,soft touch,плоттер,20,172 ₴,172,2026-04-14T12:13:29.946668,
100x150,самоклеючий папір з надсічками,без друку,soft touch,плоттер,25,229 ₴,229,2026-04-14T12:13:31.309298,
100x150,самоклеючий папір з надсічками,без друку,soft touch,плоттер,50,402 ₴,402,2026-04-14T12:13:32.667396,
100x150,самоклеючий папір з надсічками,без друку,soft touch,плоттер,100,748 ₴,748,2026-04-14T12:13:34.027291,
100x150,самоклеючий папір з надсічками,без друку,soft touch,плоттер,150,1122 ₴,1122,2026-04-14T12:13:35.391561,
100x150,самоклеючий папір з надсічками,без друку,soft touch,плоттер,200,1468 ₴,1468,2026-04-14T12:13:36.755039,
100x150,самоклеючий папір з надсічками,без друку,soft touch,плоттер,250,1843 ₴,1843,2026-04-14T12:13:38.115425,
100x150,самоклеючий папір з надсічками,без друку,soft touch,плоттер,300,2188 ₴,2188,2026-04-14T12:13:39.477895,
100x150,самоклеючий папір з надсічками,без друку,soft touch,плоттер,500,3629 ₴,3629,2026-04-14T12:13:40.841355,
100x150,самоклеючий папір з надсічками,без друку,soft touch,плоттер,1000,7230 ₴,7230,2026-04-14T12:13:42.191853,
100x150,самоклеючий папір з надсічками,без друку,soft touch,плоттер,1200,8671 ₴,8671,2026-04-14T12:13:43.551753,
100x150,самоклеючий папір з надсічками,без друку,soft touch,плоттер,1500,10831 ₴,10831,2026-04-14T12:13:44.911714,
100x150,самоклеючий папір з надсічками,без друку,soft touch,плоттер,1700,12272 ₴,12272,2026-04-14T12:13:46.272239,
100x150,самоклеючий папір з надсічками,без друку,soft touch,плоттер,2000,14433 ₴,14433,2026-04-14T12:13:47.633019,
100x150,самоклеючий папір з надсічками,без друку,soft touch,плоттер,2500,18034 ₴,18034,2026-04-14T12:13:48.997551,
100x150,самоклеючий папір з надсічками,без друку,soft touch,плоттер,5000,36041 ₴,36041,2026-04-14T12:13:50.361263,
100x150,самоклеючий папір з надсічками,без друку,soft touch,плоттер,10000,72054 ₴,72054,2026-04-14T12:13:51.723655,
100x150,самоклеючий папір з надсічками,без друку,soft touch,плоттер,25000,180094 ₴,180094,2026-04-14T12:13:53.072091,
100x150,самоклеючий папір з надсічками,без друку,soft touch,плоттер,50000,360160 ₴,360160,2026-04-14T12:13:54.434326,
